kernel,gpu_ms,cpu_ms,dds_ms,total_ms,throughput_gbps
Convolution1D_stream0,0.034688,8.27607,0.011662,9.3866,337.833
Convolution1D_stream0,0.04352,8.2806,0.003777,9.39233,269.273
Convolution1D_stream0,0.042912,8.26561,0.001002,9.36629,273.088
Convolution1D_stream0,0.03392,8.27386,0.00518,9.38536,345.482
Convolution1D_stream0,0.0432,8.27197,0.000892,9.37272,271.267
Convolution1D_stream0,0.04384,8.26464,0.001032,9.36801,267.307
Convolution1D_stream0,0.042944,8.26879,0.000982,9.36675,272.884
Convolution1D_stream0,0.032736,8.26871,0.004889,9.38153,357.977
Convolution1D_stream0,0.0448,8.2738,0.004739,9.38458,261.579
Convolution1D_stream0,0.03456,8.26704,0.001152,9.35908,339.084
Convolution1D_stream0,0.034304,8.26563,0.022072,9.55676,341.615
Convolution1D_stream0,0.04336,8.27711,0.000962,9.37727,270.266
Convolution1D_stream0,0.034528,8.27019,0.000942,9.35945,339.398
Convolution1D_stream0,0.031712,8.27827,0.005481,9.47517,369.537
Convolution1D_stream0,0.043968,8.26887,0.000912,9.37026,266.529
Convolution1D_stream0,0.043584,8.26387,0.001072,9.36133,268.877
Convolution1D_stream0,0.043776,8.26509,0.000992,9.36549,267.698
Convolution1D_stream0,0.033632,8.26794,0.005471,9.38437,348.44
Convolution1D_stream0,0.034144,8.27663,0.00514,9.53113,343.216
Convolution1D_stream0,0.04368,8.27084,0.000902,9.37071,268.286
Convolution1D_stream0,0.042368,8.51244,0.005731,9.63671,276.594
Convolution1D_stream0,0.033408,8.27708,0.00545,9.38938,350.777
Convolution1D_stream0,0.04256,8.26616,0.000921,9.3673,275.347
Convolution1D_stream0,0.033056,8.25947,0.00537,9.38432,354.512
Convolution1D_stream0,0.03328,8.2767,0.001123,9.37249,352.126
Convolution1D_stream0,0.043808,8.27075,0.001343,9.37328,267.503
Convolution1D_stream0,0.03344,8.27332,0.000942,9.36427,350.441
Convolution1D_stream0,0.044128,8.27007,0.000902,9.37315,265.563
Convolution1D_stream0,0.04336,8.27168,0.000942,9.37073,270.266
Convolution1D_stream0,0.042752,8.2927,0.00497,9.41301,274.11
Convolution1D_stream0,0.034176,8.2671,0.001052,9.35817,342.894
Convolution1D_stream0,0.034016,8.27215,0.000922,9.36285,344.507
Convolution1D_stream0,0.043648,8.27858,0.004869,9.39229,268.483
Convolution1D_stream0,0.034304,8.26656,0.000912,9.35911,341.615
Convolution1D_stream0,0.034048,8.26722,0.000901,9.36188,344.183
Convolution1D_stream0,0.044032,8.26564,0.000942,9.36544,266.142
Convolution1D_stream0,0.042464,8.26489,0.000932,9.36343,275.969
Convolution1D_stream0,0.034144,8.27122,0.000901,9.36093,343.216
Convolution1D_stream0,0.042816,8.27124,0.000962,9.36898,273.7
Convolution1D_stream0,0.033216,8.27822,0.00522,9.39211,352.804
Convolution1D_stream0,0.044864,8.27749,0.005401,9.40179,261.206
Convolution1D_stream0,0.042528,8.26563,0.000901,9.36563,275.554
Convolution1D_stream0,0.041632,8.27285,0.000962,9.37357,281.484
Convolution1D_stream0,0.034656,8.26628,0.000901,9.35493,338.145
Convolution1D_stream0,0.033216,8.26593,0.000891,9.35488,352.804
Convolution1D_stream0,0.04368,8.27597,0.004809,9.39933,268.286
Convolution1D_stream0,0.032384,8.273,0.005861,9.51605,361.868
Convolution1D_stream0,0.044832,8.28142,0.005431,9.39884,261.393
Convolution1D_stream0,0.043936,8.26764,0.001322,9.36946,266.723
Convolution1D_stream0,0.043744,8.27005,0.001082,9.37233,267.894
Convolution1D_stream0,0.044192,8.27168,0.00509,9.50166,265.178
Convolution1D_stream0,0.043616,8.27139,0.000911,9.37243,268.68
Convolution1D_stream0,0.04496,8.28108,0.00543,9.41054,260.648
Convolution1D_stream0,0.043008,8.26793,0.000892,9.36749,272.478
Convolution1D_stream0,0.042368,8.27969,0.001422,9.3825,276.594
Convolution1D_stream0,0.042848,8.26791,0.001052,9.3685,273.496
Convolution1D_stream0,0.042624,8.26393,0.001203,9.36394,274.933
Convolution1D_stream0,0.043488,8.27123,0.000921,9.36745,269.471
Convolution1D_stream0,0.033408,8.27863,0.00545,9.39148,350.777
Convolution1D_stream0,0.045088,8.26625,0.00519,9.38643,259.908
Convolution1D_stream0,0.032992,8.27074,0.003237,9.3728,355.2
Convolution1D_stream0,0.045088,8.26842,0.00479,9.38713,259.908
Convolution1D_stream0,0.042624,8.27272,0.001223,9.37498,274.933
Convolution1D_stream0,0.033856,8.27273,0.000892,9.36402,346.135
Convolution1D_stream0,0.043808,8.27005,0.001132,9.36724,267.503
Convolution1D_stream0,0.034944,8.272,0.001082,9.36183,335.358
Convolution1D_stream0,0.033696,8.26972,0.005721,9.48136,347.779
Convolution1D_stream0,0.04432,8.27173,0.000951,9.37367,264.412
Convolution1D_stream0,0.042336,8.27255,0.001302,9.37281,276.803
Convolution1D_stream0,0.034528,8.26808,0.000922,9.3624,339.398
Convolution1D_stream0,0.03376,8.26324,0.000912,9.35381,347.119
Convolution1D_stream0,0.034624,8.26507,0.000912,9.35577,338.457
Convolution1D_stream0,0.04368,8.27666,0.001242,9.37643,268.286
Convolution1D_stream0,0.043008,8.26457,0.00505,9.40982,272.478
Convolution1D_stream0,0.034208,8.26709,0.000892,9.35834,342.573
Convolution1D_stream0,0.034784,8.27486,0.00551,9.40971,336.901
Convolution1D_stream0,0.04304,8.27851,0.001332,9.38111,272.276
Convolution1D_stream0,0.033344,8.27995,0.00543,9.39467,351.45
Convolution1D_stream0,0.042816,8.26908,0.000941,9.36856,273.7
Convolution1D_stream0,0.043072,8.26825,0.001333,9.36896,272.074
Convolution1D_stream0,0.042144,8.28037,0.00542,9.43634,278.064
Convolution1D_stream0,0.044032,8.26838,0.001373,9.36824,266.142
Convolution1D_stream0,0.042656,8.27657,0.005821,9.53926,274.727
Convolution1D_stream0,0.04464,8.2656,0.000902,9.3681,262.517
Convolution1D_stream0,0.032256,8.35981,0.0049,9.47651,363.305
Convolution1D_stream0,0.03328,8.27188,0.001032,9.36292,352.126
Convolution1D_stream0,0.034624,8.2733,0.001182,9.3647,338.457
Convolution1D_stream0,0.044704,8.26624,0.00498,9.37968,262.141
Convolution1D_stream0,0.043232,8.26824,0.005991,9.39948,271.067
Convolution1D_stream0,0.04592,8.27504,0.004949,9.39396,255.199
Convolution1D_stream0,0.04256,8.26524,0.000912,9.3671,275.347
Convolution1D_stream0,0.033056,8.27069,0.000932,9.36046,354.512
Convolution1D_stream0,0.034176,8.27506,0.000922,9.36503,342.894
Convolution1D_stream0,0.034304,8.27197,0.005661,9.38448,341.615
Convolution1D_stream0,0.032384,8.27623,0.0051,9.39328,361.868
Convolution1D_stream0,0.043904,8.26524,0.001123,9.36594,266.918
Convolution1D_stream0,0.042336,8.27078,0.000922,9.3703,276.803
Convolution1D_stream0,0.042272,8.26951,0.00516,9.45968,277.223
Convolution1D_stream0,0.043008,8.27231,0.00555,9.39348,272.478
Convolution1D_stream0,0.043712,8.26964,0.000992,9.37246,268.09
Convolution1D_stream1,0.042496,8.28929,0.001342,9.3924,275.761
Convolution1D_stream1,0.042688,8.26583,0.001122,9.36928,274.521
Convolution1D_stream1,0.041664,8.27114,0.00534,9.43949,281.268
Convolution1D_stream1,0.04128,8.30894,0.0054,9.43495,283.884
Convolution1D_stream1,0.041344,8.26505,0.004789,9.38943,283.445
Convolution1D_stream1,0.041824,8.2662,0.000971,9.3672,280.192
Convolution1D_stream1,0.041696,8.27151,0.000891,9.37222,281.052
Convolution1D_stream1,0.04272,8.27109,0.00504,9.39224,274.315
Convolution1D_stream1,0.042144,8.26231,0.001012,9.36579,278.064
Convolution1D_stream1,0.042624,8.26473,0.000921,9.36554,274.933
Convolution1D_stream1,0.042656,8.28432,0.001112,9.38627,274.727
Convolution1D_stream1,0.042432,8.26643,0.000972,9.36865,276.177
Convolution1D_stream1,0.041568,8.27158,0.000912,9.37239,281.918
Convolution1D_stream1,0.041696,8.2761,0.004909,9.39635,281.052
Convolution1D_stream1,0.042272,8.27927,0.00519,9.40154,277.223
Convolution1D_stream1,0.042688,8.27092,0.001162,9.37093,274.521
Convolution1D_stream1,0.041984,8.27497,0.00492,9.39779,279.124
Convolution1D_stream1,0.042336,8.27468,0.00535,9.40275,276.803
Convolution1D_stream1,0.042624,8.26266,0.004989,9.38494,274.933
Convolution1D_stream1,0.042208,8.27009,0.001192,9.37247,277.643
Convolution1D_stream1,0.041952,8.28895,0.005,9.42725,279.337
Convolution1D_stream1,0.042656,8.28436,0.001894,9.39519,274.727
Convolution1D_stream1,0.0424,8.26448,0.001122,9.36486,276.386
Convolution1D_stream1,0.04192,8.26636,0.001363,9.36692,279.55
Convolution1D_stream1,0.042336,8.28512,0.004839,9.40572,276.803
Convolution1D_stream1,0.042592,8.2718,0.000962,9.373,275.14
Convolution1D_stream1,0.041408,8.2577,0.000982,9.35955,283.007
Convolution1D_stream1,0.041344,8.27974,0.00545,9.40107,283.445
Convolution1D_stream1,0.042336,8.27111,0.00533,9.4034,276.803
Convolution1D_stream1,0.041312,8.26784,0.004969,9.38875,283.665
Convolution1D_stream1,0.041504,8.26752,0.001022,9.36848,282.352
Convolution1D_stream1,0.040992,8.26537,0.000912,9.36893,285.879
Convolution1D_stream1,0.041312,8.26608,0.001563,9.36885,283.665
Convolution1D_stream1,0.040768,8.66916,0.006803,9.7938,287.45
Convolution1D_stream1,0.041696,8.2859,0.00529,9.40926,281.052
Convolution1D_stream1,0.042496,8.27027,0.000982,9.37459,275.761
Convolution1D_stream1,0.04112,8.26356,0.000922,9.35857,284.989
Convolution1D_stream1,0.0416,8.26692,0.000942,9.36771,281.701
Convolution1D_stream1,0.042432,8.26943,0.000942,9.36873,276.177
Convolution1D_stream1,0.041376,8.27121,0.001132,9.36671,283.226
Convolution1D_stream1,0.040384,8.2912,0.004969,9.40876,290.183
Convolution1D_stream1,0.042688,8.27145,0.000891,9.36879,274.521
Convolution1D_stream1,0.0432,8.27207,0.000962,9.3748,271.267
Convolution1D_stream1,0.041792,8.26719,0.000881,9.36572,280.407
Convolution1D_stream1,0.042656,8.27037,0.000912,9.36619,274.727
Convolution1D_stream1,0.042048,8.27195,0.005471,9.39722,278.699
Convolution1D_stream1,0.041792,8.28275,0.006042,9.53383,280.407
Convolution1D_stream1,0.041952,8.26039,0.001252,9.36311,279.337
Convolution1D_stream1,0.042048,8.27067,0.000912,9.3728,278.699
Convolution1D_stream1,0.042464,8.27151,0.001072,9.37448,275.969
Convolution1D_stream1,0.042496,8.26863,0.005451,9.39104,275.761
Convolution1D_stream1,0.041952,8.27339,0.000932,9.37546,279.337
Convolution1D_stream1,0.043296,8.27178,0.001132,9.37537,270.666
Convolution1D_stream1,0.041408,8.27975,0.004829,9.39412,283.007
Convolution1D_stream1,0.042944,8.26707,0.000972,9.37079,272.884
Convolution1D_stream1,0.042016,8.26145,0.000891,9.36202,278.912
Convolution1D_stream1,0.04208,8.27081,0.000902,9.3716,278.487
Convolution1D_stream1,0.042176,8.27123,0.000912,9.37286,277.854
Convolution1D_stream1,0.042752,8.26265,0.001423,9.36209,274.11
Convolution1D_stream1,0.042112,8.28031,0.001352,9.38352,278.276
Convolution1D_stream1,0.041888,8.29051,0.00504,9.41287,279.764
Convolution1D_stream1,0.042144,8.27782,0.00542,9.51833,278.064
Convolution1D_stream1,0.042784,8.26949,0.001222,9.3717,273.905
Convolution1D_stream1,0.04256,8.26903,0.000972,9.36995,275.347
Convolution1D_stream1,0.042336,8.27103,0.000922,9.37212,276.803
Convolution1D_stream1,0.041472,8.27022,0.000992,9.37269,282.57
Convolution1D_stream1,0.04208,8.27306,0.004959,9.43712,278.487
Convolution1D_stream1,0.042112,8.26632,0.00505,9.39103,278.276
Convolution1D_stream1,0.042688,8.26451,0.000902,9.366,274.521
Convolution1D_stream1,0.042112,8.2691,0.001262,9.37031,278.276
Convolution1D_stream1,0.041504,8.26663,0.000892,9.36836,282.352
Convolution1D_stream1,0.04208,8.26628,0.000952,9.3686,278.487
Convolution1D_stream1,0.042912,8.26599,0.000912,9.3659,273.088
Convolution1D_stream1,0.043168,8.28355,0.001042,9.38992,271.468
Convolution1D_stream1,0.04272,8.26943,0.000942,9.37141,274.315
Convolution1D_stream1,0.040576,8.27776,0.004959,9.39617,288.81
Convolution1D_stream1,0.041984,8.27281,0.000902,9.3756,279.124
Convolution1D_stream1,0.042368,8.26851,0.001092,9.3728,276.594
Convolution1D_stream1,0.043456,8.26619,0.004959,9.46476,269.669
Convolution1D_stream1,0.042784,8.26497,0.001112,9.36914,273.905
Convolution1D_stream1,0.041408,8.29311,0.005371,9.50658,283.007
Convolution1D_stream1,0.041792,8.26694,0.000971,9.37264,280.407
Convolution1D_stream1,0.042624,8.27808,0.00546,9.39886,274.933
Convolution1D_stream1,0.04112,8.26666,0.000892,9.3697,284.989
Convolution1D_stream1,0.041664,8.28058,0.00546,9.4024,281.268
Convolution1D_stream1,0.042208,8.27041,0.000891,9.37132,277.643
Convolution1D_stream1,0.04192,8.26899,0.000932,9.37025,279.55
Convolution1D_stream1,0.041344,8.26482,0.001052,9.3674,283.445
Convolution1D_stream1,0.04208,8.2702,0.00525,9.52899,278.487
Convolution1D_stream1,0.031488,8.28252,0.00512,9.39512,372.166
Convolution1D_stream1,0.041952,8.26922,0.000952,9.37086,279.337
Convolution1D_stream1,0.0416,8.27041,0.000942,9.37257,281.701
Convolution1D_stream1,0.042784,8.27378,0.000882,9.37378,273.905
Convolution1D_stream1,0.042464,8.27512,0.008175,9.49058,275.969
Convolution1D_stream1,0.043328,8.28175,0.00543,9.40529,270.466
Convolution1D_stream1,0.042432,8.26678,0.000962,9.36884,276.177
Convolution1D_stream1,0.041184,8.28163,0.004769,9.39747,284.546
Convolution1D_stream1,0.041984,8.26398,0.001252,9.36538,279.124
Convolution1D_stream1,0.042208,8.27559,0.00512,9.39836,277.643
Convolution1D_stream1,0.041408,8.27198,0.000892,9.37309,283.007
Convolution1D_stream2,0.0328,8.2777,0.00505,9.39439,357.279
Convolution1D_stream2,0.045472,8.27267,0.005841,9.39479,257.714
Convolution1D_stream2,0.043072,8.27872,0.0052,9.40686,272.074
Convolution1D_stream2,0.044192,8.26812,0.001232,9.37125,265.178
Convolution1D_stream2,0.042272,8.27215,0.001453,9.37485,277.223
Convolution1D_stream2,0.04384,8.26413,0.000922,9.36313,267.307
Convolution1D_stream2,0.032544,8.6439,0.006984,9.76415,360.089
Convolution1D_stream2,0.041856,8.27975,0.00526,9.39879,279.978
Convolution1D_stream2,0.04224,8.26409,0.001213,9.36293,277.433
Convolution1D_stream2,0.043328,8.27231,0.000982,9.36981,270.466
Convolution1D_stream2,0.032352,8.2703,0.003276,9.37474,362.226
Convolution1D_stream2,0.042208,8.2697,0.000922,9.36804,277.643
Convolution1D_stream2,0.043296,8.27306,0.000901,9.37029,270.666
Convolution1D_stream2,0.04288,8.2674,0.001263,9.37085,273.292
Convolution1D_stream2,0.04432,8.26702,0.001332,9.37294,264.412
Convolution1D_stream2,0.032928,8.27125,0.005411,9.38572,355.89
Convolution1D_stream2,0.043488,8.26949,0.001543,9.36872,269.471
Convolution1D_stream2,0.03232,8.27951,0.00518,9.40692,362.585
Convolution1D_stream2,0.04512,8.28517,0.00524,9.40543,259.724
Convolution1D_stream2,0.0352,8.27046,0.000962,9.35881,332.919
Convolution1D_stream2,0.034528,8.28298,0.001153,9.37389,339.398
Convolution1D_stream2,0.03152,8.26233,0.005671,9.37764,371.788
Convolution1D_stream2,0.04256,8.27011,0.000992,9.36646,275.347
Convolution1D_stream2,0.03456,8.27247,0.004979,9.38987,339.084
Convolution1D_stream2,0.045216,8.27901,0.005099,9.40228,259.173
Convolution1D_stream2,0.04224,8.27132,0.000982,9.37607,277.433
Convolution1D_stream2,0.033888,8.27945,0.004789,9.39134,345.808
Convolution1D_stream2,0.043008,8.28053,0.001262,9.37899,272.478
Convolution1D_stream2,0.043104,8.27294,0.001262,9.37619,271.872
Convolution1D_stream2,0.042624,8.27177,0.001473,9.37694,274.933
Convolution1D_stream2,0.042272,8.27107,0.000911,9.36884,277.223
Convolution1D_stream2,0.033504,8.26723,0.000902,9.35744,349.772
Convolution1D_stream2,0.04336,8.26633,0.001272,9.36742,270.266
Convolution1D_stream2,0.043072,8.26069,0.001062,9.36474,272.074
Convolution1D_stream2,0.03296,8.26944,0.004889,9.38385,355.545
Convolution1D_stream2,0.042368,8.26566,0.000912,9.36444,276.594
Convolution1D_stream2,0.043424,8.2654,0.000911,9.36172,269.868
Convolution1D_stream2,0.0336,8.26968,0.000952,9.35787,348.772
Convolution1D_stream2,0.035744,8.27071,0.000922,9.36006,327.852
Convolution1D_stream2,0.031072,8.34247,0.00504,9.45777,377.148
Convolution1D_stream2,0.043488,8.26394,0.001252,9.37019,269.471
Convolution1D_stream2,0.046336,8.26884,0.004789,9.38663,252.908
Convolution1D_stream2,0.033472,8.26461,0.000951,9.35722,350.106
Convolution1D_stream2,0.034208,8.26205,0.000922,9.35105,342.573
Convolution1D_stream2,0.040896,8.26849,0.000932,9.36682,286.55
Convolution1D_stream2,0.031904,8.26419,0.004709,9.36784,367.313
Convolution1D_stream2,0.042528,8.43003,0.006533,9.5578,275.554
Convolution1D_stream2,0.034688,8.26869,0.000961,9.36264,337.833
Convolution1D_stream2,0.0432,8.26982,0.000931,9.37194,271.267
Convolution1D_stream2,0.044352,8.27093,0.000912,9.37092,264.221
Convolution1D_stream2,0.033312,8.27992,0.005451,9.39783,351.788
Convolution1D_stream2,0.043808,8.27145,0.000972,9.36622,267.503
Convolution1D_stream2,0.04496,8.27999,0.004539,9.39085,260.648
Convolution1D_stream2,0.032096,8.27817,0.00514,9.38746,365.116
Convolution1D_stream2,0.041664,8.26788,0.000902,9.36804,281.268
Convolution1D_stream2,0.042816,8.27305,0.00516,9.43437,273.7
Convolution1D_stream2,0.043936,8.27017,0.001142,9.36817,266.723
Convolution1D_stream2,0.034368,8.2665,0.000912,9.35599,340.979
Convolution1D_stream2,0.042432,8.27265,0.000922,9.37676,276.177
Convolution1D_stream2,0.0432,8.27805,0.00549,9.39441,271.267
Convolution1D_stream2,0.042688,8.27447,0.004769,9.49265,274.521
Convolution1D_stream2,0.03296,8.2788,0.00541,9.39011,355.545
Convolution1D_stream2,0.044096,8.27115,0.000921,9.36901,265.755
Convolution1D_stream2,0.035072,8.2699,0.000912,9.35628,334.134
Convolution1D_stream2,0.034496,8.26943,0.000962,9.35711,339.713
Convolution1D_stream2,0.043232,8.26906,0.000922,9.36656,271.067
Convolution1D_stream2,0.03344,8.27784,0.00538,9.39696,350.441
Convolution1D_stream2,0.032768,8.27857,0.004979,9.39241,357.628
Convolution1D_stream2,0.042592,8.27374,0.001202,9.37332,275.14
Convolution1D_stream2,0.0344,8.26633,0.001162,9.35678,340.661
Convolution1D_stream2,0.034496,8.26659,0.000911,9.36086,339.713
Convolution1D_stream2,0.041952,8.2825,0.005381,9.40753,279.337
Convolution1D_stream2,0.045536,8.27944,0.002014,9.385,257.351
Convolution1D_stream2,0.043456,8.26226,0.000902,9.366,269.669
Convolution1D_stream2,0.043712,8.26691,0.000901,9.36765,268.09
Convolution1D_stream2,0.042144,8.26607,0.001152,9.36972,278.064
Convolution1D_stream2,0.043296,8.27486,0.000922,9.37417,270.666
Convolution1D_stream2,0.043808,8.26571,0.000892,9.36473,267.503
Convolution1D_stream2,0.032,8.28295,0.004929,9.39998,366.211
Convolution1D_stream2,0.043296,8.42821,0.005711,9.54759,270.666
Convolution1D_stream2,0.0328,8.27797,0.00513,9.38661,357.279
Convolution1D_stream2,0.032096,8.28411,0.005841,9.39795,365.116
Convolution1D_stream2,0.033056,8.26648,0.005481,9.38118,354.512
Convolution1D_stream2,0.04368,8.26436,0.000881,9.36182,268.286
Convolution1D_stream2,0.043616,8.27184,0.001112,9.3765,268.68
Convolution1D_stream2,0.043456,8.27322,0.001072,9.37109,269.669
Convolution1D_stream2,0.0336,8.83109,0.006302,9.95371,348.772
Convolution1D_stream2,0.03296,8.27009,0.005511,9.38912,355.545
Convolution1D_stream2,0.032672,8.28295,0.002314,9.38124,358.679
Convolution1D_stream2,0.043104,8.26608,0.001463,9.36514,271.872
Convolution1D_stream2,0.033504,8.27039,0.001162,9.35877,349.772
Convolution1D_stream2,0.03312,8.27096,0.000922,9.36161,353.827
Convolution1D_stream2,0.033536,8.27086,0.001162,9.35971,349.438
Convolution1D_stream2,0.03344,8.27036,0.00512,9.44493,350.441
Convolution1D_stream2,0.034144,8.2678,0.004879,9.38515,343.216
Convolution1D_stream2,0.033408,8.27695,0.00506,9.38442,350.777
Convolution1D_stream2,0.03184,8.28313,0.005781,9.39527,368.051
Convolution1D_stream2,0.043488,8.27718,0.000902,9.37752,269.471
Convolution1D_stream2,0.045056,8.2691,0.00526,9.39148,260.093
Convolution1D_stream2,0.03408,8.26599,0.001012,9.35358,343.86
Convolution1D_stream3,0.04288,8.27422,0.001322,9.37455,273.292
Convolution1D_stream3,0.042272,8.27023,0.001102,9.37069,277.223
Convolution1D_stream3,0.04224,8.26794,0.005079,9.39159,277.433
Convolution1D_stream3,0.042144,8.27139,0.000962,9.37216,278.064
Convolution1D_stream3,0.041472,8.27082,0.001182,9.37197,282.57
Convolution1D_stream3,0.042432,8.27049,0.000902,9.36732,276.177
Convolution1D_stream3,0.03184,8.26233,0.001222,9.35426,368.051
Convolution1D_stream3,0.0312,8.27637,0.004939,9.38757,375.601
Convolution1D_stream3,0.04128,8.26678,0.001032,9.36542,283.884
Convolution1D_stream3,0.040576,8.26332,0.000912,9.36002,288.81
Convolution1D_stream3,0.042112,8.27141,0.000992,9.37179,278.276
Convolution1D_stream3,0.040928,8.27221,0.000962,9.37018,286.326
Convolution1D_stream3,0.031584,8.27247,0.005841,9.45291,371.034
Convolution1D_stream3,0.042816,8.26516,0.001011,9.36361,273.7
Convolution1D_stream3,0.043264,8.27042,0.001163,9.36956,270.866
Convolution1D_stream3,0.04192,8.26979,0.001062,9.37176,279.55
Convolution1D_stream3,0.042368,8.26749,0.001012,9.36851,276.594
Convolution1D_stream3,0.041408,8.2689,0.007193,9.52408,283.007
Convolution1D_stream3,0.042272,8.27296,0.001303,9.37255,277.223
Convolution1D_stream3,0.04272,8.27049,0.000952,9.36707,274.315
Convolution1D_stream3,0.040992,8.27271,0.00514,9.39866,285.879
Convolution1D_stream3,0.04096,8.27942,0.001352,9.38087,286.102
Convolution1D_stream3,0.041824,8.26746,0.000902,9.36508,280.192
Convolution1D_stream3,0.042304,8.27608,0.00536,9.47328,277.013
Convolution1D_stream3,0.041888,8.27918,0.004869,9.39824,279.764
Convolution1D_stream3,0.041952,8.27202,0.001022,9.36648,279.337
Convolution1D_stream3,0.041856,8.26935,0.001292,9.37046,279.978
Convolution1D_stream3,0.043616,8.27215,0.000902,9.37101,268.68
Convolution1D_stream3,0.042048,8.27053,0.00538,9.39095,278.699
Convolution1D_stream3,0.041824,8.26503,0.000932,9.36503,280.192
Convolution1D_stream3,0.040704,8.26664,0.000901,9.36508,287.902
Convolution1D_stream3,0.04192,8.28025,0.003246,9.39027,279.55
Convolution1D_stream3,0.042464,8.2667,0.000982,9.36463,275.969
Convolution1D_stream3,0.043456,8.27085,0.000892,9.37186,269.669
Convolution1D_stream3,0.042816,8.26983,0.001283,9.36832,273.7
Convolution1D_stream3,0.031456,8.27257,0.000912,9.36503,372.544
Convolution1D_stream3,0.041632,8.27122,0.000932,9.37013,281.484
Convolution1D_stream3,0.041088,8.27312,0.000952,9.37173,285.211
Convolution1D_stream3,0.04096,8.26586,0.00506,9.38679,286.102
Convolution1D_stream3,0.041536,8.27487,0.00529,9.46055,282.135
Convolution1D_stream3,0.042784,8.26814,0.001112,9.36846,273.905
Convolution1D_stream3,0.043456,8.27304,0.001162,9.37549,269.669
Convolution1D_stream3,0.042144,8.26302,0.000882,9.36031,278.064
Convolution1D_stream3,0.041952,8.26619,0.000891,9.36742,279.337
Convolution1D_stream3,0.031872,8.26884,0.00529,9.40202,367.682
Convolution1D_stream3,0.032064,8.69241,0.006172,9.80775,365.48
Convolution1D_stream3,0.031232,8.27499,0.00523,9.38256,375.216
Convolution1D_stream3,0.042592,8.27708,0.005049,9.39822,275.14
Convolution1D_stream3,0.042208,8.28228,0.00545,9.39721,277.643
Convolution1D_stream3,0.042944,8.27009,0.000892,9.37089,272.884
Convolution1D_stream3,0.0424,8.27387,0.001112,9.373,276.386
Convolution1D_stream3,0.04288,8.26619,0.001002,9.36552,273.292
Convolution1D_stream3,0.043968,8.28165,0.001173,9.38174,266.529
Convolution1D_stream3,0.042976,8.27214,0.00509,9.39424,272.681
Convolution1D_stream3,0.042368,8.26731,0.000901,9.36716,276.594
Convolution1D_stream3,0.033472,8.27784,0.005541,9.38536,350.106
Convolution1D_stream3,0.041184,8.26535,0.000911,9.36282,284.546
Convolution1D_stream3,0.042144,8.27194,0.000932,9.37124,278.064
Convolution1D_stream3,0.042368,8.27316,0.000912,9.37517,276.594
Convolution1D_stream3,0.04272,8.65288,0.006072,9.78042,274.315
Convolution1D_stream3,0.04208,8.27757,0.00528,9.39726,278.487
Convolution1D_stream3,0.041856,8.27278,0.001102,9.37224,279.978
Convolution1D_stream3,0.041344,8.27301,0.000921,9.37059,283.445
Convolution1D_stream3,0.042656,8.26874,0.000892,9.36902,274.727
Convolution1D_stream3,0.042848,8.27141,0.000972,9.37121,273.496
Convolution1D_stream3,0.042656,8.27122,0.000892,9.37047,274.727
Convolution1D_stream3,0.042304,8.27247,0.001082,9.37473,277.013
Convolution1D_stream3,0.042656,8.26905,0.005119,9.39131,274.727
Convolution1D_stream3,0.041312,8.26708,0.001232,9.36365,283.665
Convolution1D_stream3,0.041536,8.26602,0.000902,9.36195,282.135
Convolution1D_stream3,0.042048,8.26272,0.001152,9.3625,278.699
Convolution1D_stream3,0.041664,8.27546,0.00508,9.39777,281.268
Convolution1D_stream3,0.042048,8.28994,0.00552,9.41308,278.699
Convolution1D_stream3,0.043648,8.27222,0.000962,9.374,268.483
Convolution1D_stream3,0.032768,8.28174,0.00524,9.39332,357.628
Convolution1D_stream3,0.03296,8.2726,0.004969,9.49467,355.545
Convolution1D_stream3,0.042336,8.28033,0.00504,9.40386,276.803
Convolution1D_stream3,0.042272,8.27145,0.000992,9.37101,277.223
Convolution1D_stream3,0.042272,8.27665,0.00537,9.39757,277.223
Convolution1D_stream3,0.041888,8.26982,0.00516,9.39038,279.764
Convolution1D_stream3,0.042624,8.28197,0.004889,9.40431,274.933
Convolution1D_stream3,0.033568,8.27497,0.004909,9.50352,349.105
Convolution1D_stream3,0.042848,8.2669,0.001243,9.36574,273.496
Convolution1D_stream3,0.042144,8.27564,0.005049,9.39944,278.064
Convolution1D_stream3,0.042112,8.26448,0.000892,9.36455,278.276
Convolution1D_stream3,0.041984,8.2711,0.001062,9.37009,279.124
Convolution1D_stream3,0.04256,8.2715,0.001032,9.37372,275.347
Convolution1D_stream3,0.042656,8.27575,0.00552,9.39923,274.727
Convolution1D_stream3,0.040768,8.28284,0.001953,9.38962,287.45
Convolution1D_stream3,0.04304,8.26898,0.000891,9.3724,272.276
Convolution1D_stream3,0.042752,8.26849,0.000952,9.36682,274.11
Convolution1D_stream3,0.041568,8.26916,0.000892,9.36807,281.918
Convolution1D_stream3,0.042144,8.54531,0.00541,9.71838,278.064
Convolution1D_stream3,0.041536,8.27801,0.00502,9.40021,282.135
Convolution1D_stream3,0.042176,8.2775,0.005321,9.3933,277.854
Convolution1D_stream3,0.042688,8.27336,0.001242,9.37395,274.521
Convolution1D_stream3,0.042688,8.26824,0.001202,9.36645,274.521
Convolution1D_stream3,0.043104,8.26993,0.000922,9.37014,271.872
Convolution1D_stream3,0.042944,8.27223,0.001182,9.37014,272.884
Convolution1D_stream3,0.0416,8.29226,0.0055,9.41362,281.701
FFTTransform_stream0,0.067904,8.26784,0.00493,9.41101,172.578
FFTTransform_stream0,0.076256,8.26401,0.00516,9.41304,153.676
FFTTransform_stream0,0.074752,8.25513,0.000892,9.39003,156.768
FFTTransform_stream0,0.064768,8.26984,0.00548,9.41365,180.934
FFTTransform_stream0,0.074688,8.26687,0.000942,9.39363,156.903
FFTTransform_stream0,0.074944,8.26404,0.000992,9.39479,156.367
FFTTransform_stream0,0.065184,8.26798,0.000912,9.39178,179.78
FFTTransform_stream0,0.073952,8.27122,0.001443,9.4065,158.464
FFTTransform_stream0,0.074656,8.26099,0.000941,9.39729,156.97
FFTTransform_stream0,0.064608,8.26373,0.001162,9.39113,181.382
FFTTransform_stream0,0.06368,8.28176,0.004839,9.42561,184.026
FFTTransform_stream0,0.074624,8.26729,0.000872,9.40216,157.037
FFTTransform_stream0,0.07408,8.2749,0.0051,9.42843,158.19
FFTTransform_stream0,0.06368,8.26923,0.005481,9.5007,184.026
FFTTransform_stream0,0.064672,8.2688,0.005029,9.40607,181.203
FFTTransform_stream0,0.074464,8.26778,0.001062,9.4051,157.375
FFTTransform_stream0,0.076192,8.26508,0.00499,9.41086,153.806
FFTTransform_stream0,0.075168,8.27092,0.005831,9.45786,155.901
FFTTransform_stream0,0.07472,8.26667,0.000932,9.40267,156.836
FFTTransform_stream0,0.074496,8.26813,0.000882,9.39837,157.307
FFTTransform_stream0,0.076608,8.27245,0.00529,9.42072,152.97
FFTTransform_stream0,0.074432,8.27417,0.001072,9.41161,157.442
FFTTransform_stream0,0.074592,8.26709,0.001242,9.40275,157.105
FFTTransform_stream0,0.064128,8.27516,0.004969,9.4228,182.74
FFTTransform_stream0,0.075072,8.26128,0.000941,9.3945,156.1
FFTTransform_stream0,0.066496,8.26063,0.000892,9.38734,176.232
FFTTransform_stream0,0.074912,8.26625,0.000891,9.39488,156.434
FFTTransform_stream0,0.065152,8.34496,0.005781,9.49258,179.868
FFTTransform_stream0,0.06528,8.26975,0.00534,9.47818,179.515
FFTTransform_stream0,0.074528,8.26674,0.000882,9.40324,157.24
FFTTransform_stream0,0.074496,8.26167,0.000871,9.39703,157.307
FFTTransform_stream0,0.074784,8.26175,0.000912,9.39206,156.701
FFTTransform_stream0,0.075104,8.26538,0.001363,9.4003,156.034
FFTTransform_stream0,0.064288,8.26382,0.005811,9.41234,182.285
FFTTransform_stream0,0.074656,8.26514,0.001062,9.4012,156.97
FFTTransform_stream0,0.074912,8.25973,0.000922,9.39561,156.434
FFTTransform_stream0,0.074752,8.26734,0.001062,9.3975,156.768
FFTTransform_stream0,0.065568,8.25874,0.000922,9.382,178.727
FFTTransform_stream0,0.066336,8.26007,0.000922,9.38124,176.657
FFTTransform_stream0,0.074496,8.27322,0.001112,9.40963,157.307
FFTTransform_stream0,0.064064,8.26206,0.003887,9.39743,182.923
FFTTransform_stream0,0.07472,8.2617,0.000902,9.39827,156.836
FFTTransform_stream0,0.074048,8.2673,0.001042,9.40193,158.259
FFTTransform_stream0,0.074464,8.26681,0.000892,9.39614,157.375
FFTTransform_stream0,0.064544,8.27591,0.00502,9.42129,181.562
FFTTransform_stream0,0.0744,8.26257,0.001202,9.40083,157.51
FFTTransform_stream0,0.076192,8.25968,0.00507,9.41444,153.806
FFTTransform_stream0,0.074848,8.26773,0.000882,9.39596,156.567
FFTTransform_stream0,0.074784,8.26838,0.001183,9.40376,156.701
FFTTransform_stream0,0.07696,8.2776,0.00519,9.43045,152.271
FFTTransform_stream0,0.074432,8.27183,0.001272,9.40753,157.442
FFTTransform_stream0,0.064096,8.2699,0.004819,9.41442,182.831
FFTTransform_stream0,0.075008,8.26689,0.000892,9.40103,156.233
FFTTransform_stream0,0.063872,8.27757,0.001473,9.40679,183.472
FFTTransform_stream0,0.07504,8.27325,0.001193,9.40832,156.167
FFTTransform_stream0,0.074496,8.26714,0.001262,9.40316,157.307
FFTTransform_stream0,0.065568,8.26576,0.000921,9.39206,178.727
FFTTransform_stream0,0.07488,8.25945,0.000942,9.39299,156.5
FFTTransform_stream0,0.075424,8.27024,0.000892,9.40514,155.372
FFTTransform_stream0,0.074528,8.27256,0.000901,9.40534,157.24
FFTTransform_stream0,0.064288,8.27121,0.004859,9.42013,182.285
FFTTransform_stream0,0.074816,8.26647,0.000891,9.39991,156.634
FFTTransform_stream0,0.074688,8.26867,0.000891,9.40239,156.903
FFTTransform_stream0,0.074752,8.26216,0.000902,9.3918,156.768
FFTTransform_stream0,0.06528,8.26696,0.000882,9.39416,179.515
FFTTransform_stream0,0.074656,8.27354,0.005851,9.42403,156.97
FFTTransform_stream0,0.074336,8.26712,0.000921,9.40458,157.646
FFTTransform_stream0,0.064288,8.27048,0.0052,9.42166,182.285
FFTTransform_stream0,0.074336,8.26742,0.001252,9.40243,157.646
FFTTransform_stream0,0.065632,8.26649,0.000902,9.39089,178.552
FFTTransform_stream0,0.074144,8.26548,0.000892,9.39994,158.054
FFTTransform_stream0,0.074496,8.25929,0.001012,9.39279,157.307
FFTTransform_stream0,0.075296,8.27275,0.000972,9.40206,155.636
FFTTransform_stream0,0.074848,8.27887,0.000922,9.41483,156.567
FFTTransform_stream0,0.064256,8.27235,0.00506,9.41751,182.376
FFTTransform_stream0,0.075104,8.26666,0.001032,9.4048,156.034
FFTTransform_stream0,0.076768,8.26423,0.00518,9.41479,152.651
FFTTransform_stream0,0.074528,8.26693,0.00539,9.41761,157.24
FFTTransform_stream0,0.074944,8.26671,0.001022,9.39675,156.367
FFTTransform_stream0,0.074624,8.26655,0.001212,9.40249,157.037
FFTTransform_stream0,0.074944,8.42963,0.006943,9.59042,156.367
FFTTransform_stream0,0.07664,8.27374,0.004869,9.42783,152.906
FFTTransform_stream0,0.074816,8.26762,0.001112,9.40378,156.634
FFTTransform_stream0,0.074528,8.27252,0.000921,9.40768,157.24
FFTTransform_stream0,0.074688,8.26095,0.000902,9.38996,156.903
FFTTransform_stream0,0.074816,8.26681,0.000892,9.39596,156.634
FFTTransform_stream0,0.065504,8.27501,0.004809,9.41576,178.901
FFTTransform_stream0,0.064032,8.26176,0.00524,9.40472,183.014
FFTTransform_stream0,0.074016,8.2722,0.000882,9.40893,158.327
FFTTransform_stream0,0.064288,8.27429,0.004598,9.41117,182.285
FFTTransform_stream0,0.06448,8.26563,0.001062,9.38978,181.742
FFTTransform_stream0,0.0744,8.2653,0.001262,9.40039,157.51
FFTTransform_stream0,0.07424,8.27198,0.001183,9.40654,157.85
FFTTransform_stream0,0.066176,8.26892,0.000952,9.39719,177.085
FFTTransform_stream0,0.065632,8.26809,0.000932,9.39058,178.552
FFTTransform_stream0,0.064832,8.26989,0.000902,9.39561,180.756
FFTTransform_stream0,0.076704,8.27453,0.009127,9.47196,152.779
FFTTransform_stream0,0.064928,8.28096,0.00504,9.42872,180.488
FFTTransform_stream0,0.074752,8.26338,0.00543,9.41516,156.768
FFTTransform_stream0,0.07472,8.27163,0.000882,9.40654,156.836
FFTTransform_stream1,0.064128,8.63344,0.012474,9.79805,182.74
FFTTransform_stream1,0.07648,8.26034,0.00527,9.46935,153.226
FFTTransform_stream1,0.074816,8.26201,0.000892,9.39617,156.634
FFTTransform_stream1,0.063776,8.25605,0.001032,9.37467,183.749
FFTTransform_stream1,0.07408,8.25588,0.000902,9.38871,158.19
FFTTransform_stream1,0.074592,8.26739,0.000881,9.39962,157.105
FFTTransform_stream1,0.074432,8.26591,0.000891,9.39813,157.442
FFTTransform_stream1,0.074784,8.26265,0.000942,9.39758,156.701
FFTTransform_stream1,0.07504,8.26717,0.001042,9.39822,156.167
FFTTransform_stream1,0.074848,8.25723,0.000942,9.38804,156.567
FFTTransform_stream1,0.074848,8.26787,0.00519,9.4226,156.567
FFTTransform_stream1,0.074944,8.2662,0.000892,9.40204,156.367
FFTTransform_stream1,0.075712,8.27435,0.001202,9.4076,154.781
FFTTransform_stream1,0.074656,8.27372,0.004809,9.42931,156.97
FFTTransform_stream1,0.074496,8.26706,0.001042,9.40305,157.307
FFTTransform_stream1,0.075424,8.26226,0.000951,9.40127,155.372
FFTTransform_stream1,0.074912,8.26543,0.001123,9.40096,156.434
FFTTransform_stream1,0.074944,8.27172,0.004959,9.48654,156.367
FFTTransform_stream1,0.07488,8.26943,0.000912,9.4012,156.5
FFTTransform_stream1,0.074688,8.26921,0.000882,9.39997,156.903
FFTTransform_stream1,0.074112,8.28415,0.004759,9.4325,158.122
FFTTransform_stream1,0.074592,8.27376,0.004719,9.41752,157.105
FFTTransform_stream1,0.074656,8.26014,0.001012,9.39224,156.97
FFTTransform_stream1,0.065184,8.27466,0.004969,9.42,179.78
FFTTransform_stream1,0.0744,8.2754,0.00505,9.43067,157.51
FFTTransform_stream1,0.075392,8.26588,0.001082,9.39968,155.438
FFTTransform_stream1,0.074304,8.25569,0.000892,9.38765,157.714
FFTTransform_stream1,0.075872,8.26708,0.001313,9.40244,154.454
FFTTransform_stream1,0.074464,8.27603,0.001293,9.41429,157.375
FFTTransform_stream1,0.074656,8.26689,0.005029,9.41909,156.97
FFTTransform_stream1,0.075232,8.26274,0.000892,9.39405,155.768
FFTTransform_stream1,0.074816,8.27169,0.000891,9.40429,156.634
FFTTransform_stream1,0.074976,8.26152,0.001002,9.39331,156.3
FFTTransform_stream1,0.076448,8.27967,0.005521,9.43383,153.29
FFTTransform_stream1,0.075808,8.26446,0.000942,9.39579,154.585
FFTTransform_stream1,0.074304,8.268,0.000961,9.39811,157.714
FFTTransform_stream1,0.074816,8.26552,0.000901,9.39768,156.634
FFTTransform_stream1,0.074432,8.26156,0.001182,9.39278,157.442
FFTTransform_stream1,0.074592,8.26523,0.00525,9.51272,157.105
FFTTransform_stream1,0.07584,8.27066,0.000902,9.40712,154.519
FFTTransform_stream1,0.075008,8.28366,0.00504,9.43899,156.233
FFTTransform_stream1,0.074912,8.2667,0.000892,9.39722,156.434
FFTTransform_stream1,0.074656,8.26688,0.000911,9.40492,156.97
FFTTransform_stream1,0.075008,8.26674,0.000881,9.39813,156.233
FFTTransform_stream1,0.0744,8.27306,0.004809,9.42448,157.51
FFTTransform_stream1,0.076096,8.26595,0.000942,9.39968,154
FFTTransform_stream1,0.075712,8.27248,0.001262,9.40421,154.781
FFTTransform_stream1,0.07472,8.2643,0.00503,9.53557,156.836
FFTTransform_stream1,0.075488,8.26778,0.000932,9.40108,155.24
FFTTransform_stream1,0.074336,8.27117,0.00536,9.50227,157.646
FFTTransform_stream1,0.074304,8.27091,0.000891,9.40545,157.714
FFTTransform_stream1,0.075008,8.27142,0.001202,9.40361,156.233
FFTTransform_stream1,0.075232,8.26881,0.000901,9.40129,155.768
FFTTransform_stream1,0.07456,8.27706,0.004388,9.42087,157.172
FFTTransform_stream1,0.064,8.26615,0.005421,9.41095,183.105
FFTTransform_stream1,0.07472,8.26576,0.001102,9.39826,156.836
FFTTransform_stream1,0.074848,8.26311,0.004849,9.41983,156.567
FFTTransform_stream1,0.07488,8.29348,0.004799,9.45154,156.5
FFTTransform_stream1,0.074144,8.26683,0.000932,9.39896,158.054
FFTTransform_stream1,0.074912,8.26456,0.000902,9.39603,156.434
FFTTransform_stream1,0.074624,8.2947,0.00544,9.45245,157.037
FFTTransform_stream1,0.074336,8.26315,0.000922,9.39744,157.646
FFTTransform_stream1,0.075616,8.26116,0.000911,9.39513,154.977
FFTTransform_stream1,0.074816,8.27078,0.000901,9.40139,156.634
FFTTransform_stream1,0.074144,8.26989,0.00533,9.48794,158.054
FFTTransform_stream1,0.074656,8.27398,0.00545,9.42845,156.97
FFTTransform_stream1,0.075488,8.26268,0.000982,9.3949,155.24
FFTTransform_stream1,0.0744,8.25738,0.004879,9.40548,157.51
FFTTransform_stream1,0.0752,8.26905,0.001022,9.40537,155.834
FFTTransform_stream1,0.074976,8.27,0.000992,9.40277,156.3
FFTTransform_stream1,0.074976,8.28091,0.004829,9.43482,156.3
FFTTransform_stream1,0.074688,8.27155,0.001112,9.40583,156.903
FFTTransform_stream1,0.074496,8.27014,0.001212,9.40169,157.307
FFTTransform_stream1,0.075328,8.26937,0.001202,9.40323,155.57
FFTTransform_stream1,0.075744,8.26826,0.00518,9.42938,154.715
FFTTransform_stream1,0.074976,8.26983,0.001022,9.40193,156.3
FFTTransform_stream1,0.075072,8.26799,0.001433,9.40175,156.1
FFTTransform_stream1,0.074976,8.26625,0.001052,9.40087,156.3
FFTTransform_stream1,0.07488,8.25952,0.000942,9.3902,156.5
FFTTransform_stream1,0.07488,8.26587,0.001002,9.39787,156.5
FFTTransform_stream1,0.075776,8.27217,0.001092,9.40759,154.65
FFTTransform_stream1,0.074432,8.27357,0.00502,9.42605,157.442
FFTTransform_stream1,0.073984,8.28173,0.004709,9.43323,158.396
FFTTransform_stream1,0.074432,8.26348,0.001092,9.39439,157.442
FFTTransform_stream1,0.074336,8.2706,0.000902,9.40303,157.646
FFTTransform_stream1,0.074848,8.27013,0.000922,9.40156,156.567
FFTTransform_stream1,0.073856,8.39967,0.005311,9.55709,158.67
FFTTransform_stream1,0.07424,8.27252,0.005029,9.42612,157.85
FFTTransform_stream1,0.074368,8.2701,0.000952,9.40233,157.578
FFTTransform_stream1,0.075616,8.27276,0.001222,9.40779,154.977
FFTTransform_stream1,0.074912,8.26949,0.000962,9.40333,156.434
FFTTransform_stream1,0.075008,8.26598,0.000922,9.39997,156.233
FFTTransform_stream1,0.075168,8.26599,0.001092,9.40002,155.901
FFTTransform_stream1,0.074784,8.25817,0.000892,9.39023,156.701
FFTTransform_stream1,0.07456,8.27136,0.000912,9.40302,157.172
FFTTransform_stream1,0.074272,8.266,0.000892,9.3983,157.782
FFTTransform_stream1,0.0752,8.32388,0.005621,9.4782,155.834
FFTTransform_stream1,0.074496,8.26527,0.00526,9.41818,157.307
FFTTransform_stream1,0.075328,8.26531,0.005921,9.42373,155.57
FFTTransform_stream1,0.074528,8.27078,0.000912,9.4008,157.24
FFTTransform_stream2,0.076352,8.27228,0.001713,9.40894,153.483
FFTTransform_stream2,0.064256,8.27206,0.00542,9.41837,182.376
FFTTransform_stream2,0.074496,8.26,0.001032,9.39218,157.307
FFTTransform_stream2,0.075904,8.25605,0.000912,9.39057,154.389
FFTTransform_stream2,0.075264,8.26663,0.001132,9.39983,155.702
FFTTransform_stream2,0.0744,8.26597,0.000992,9.40075,157.51
FFTTransform_stream2,0.063968,8.26303,0.005109,9.40729,183.197
FFTTransform_stream2,0.076672,8.27227,0.00506,9.42255,152.843
FFTTransform_stream2,0.07472,8.26116,0.001393,9.39461,156.836
FFTTransform_stream2,0.074656,8.26259,0.000912,9.39834,156.97
FFTTransform_stream2,0.075296,8.26748,0.001152,9.40425,155.636
FFTTransform_stream2,0.075296,8.26485,0.000902,9.39756,155.636
FFTTransform_stream2,0.063808,8.2613,0.001222,9.38301,183.656
FFTTransform_stream2,0.076864,8.27361,0.00533,9.4239,152.461
FFTTransform_stream2,0.064064,8.26998,0.00505,9.41263,182.923
FFTTransform_stream2,0.0752,8.26678,0.000932,9.40351,155.834
FFTTransform_stream2,0.07568,8.25629,0.001102,9.39277,154.846
FFTTransform_stream2,0.064064,8.27008,0.004759,9.41608,182.923
FFTTransform_stream2,0.075072,8.26673,0.000891,9.39808,156.1
FFTTransform_stream2,0.074528,8.26571,0.000891,9.3988,157.24
FFTTransform_stream2,0.075232,8.26275,0.001212,9.39671,155.768
FFTTransform_stream2,0.064256,8.26782,0.004849,9.41526,182.376
FFTTransform_stream2,0.074272,8.28095,0.004769,9.49209,157.782
FFTTransform_stream2,0.076032,8.26322,0.001553,9.39556,154.129
FFTTransform_stream2,0.076704,8.26376,0.005139,9.42174,152.779
FFTTransform_stream2,0.075008,8.25585,0.000902,9.38865,156.233
FFTTransform_stream2,0.075264,8.26523,0.000872,9.39765,155.702
FFTTransform_stream2,0.075776,8.26691,0.000901,9.40164,154.65
FFTTransform_stream2,0.07648,8.27261,0.00542,9.4268,153.226
FFTTransform_stream2,0.076256,8.27427,0.001132,9.41087,153.676
FFTTransform_stream2,0.075264,8.2647,0.000892,9.39615,155.702
FFTTransform_stream2,0.064512,8.28645,0.004839,9.42623,181.652
FFTTransform_stream2,0.075264,8.26749,0.001172,9.40531,155.702
FFTTransform_stream2,0.064256,8.26731,0.00539,9.41233,182.376
FFTTransform_stream2,0.074848,8.2605,0.00504,9.50667,156.567
FFTTransform_stream2,0.074016,8.2706,0.001052,9.40063,158.327
FFTTransform_stream2,0.074528,8.26514,0.000932,9.39813,157.24
FFTTransform_stream2,0.074528,8.26653,0.000902,9.39933,157.24
FFTTransform_stream2,0.065952,8.27443,0.00507,9.42148,177.686
FFTTransform_stream2,0.075232,8.25957,0.000881,9.39942,155.768
FFTTransform_stream2,0.076128,8.27256,0.001183,9.40677,153.935
FFTTransform_stream2,0.0768,8.26274,0.004849,9.42006,152.588
FFTTransform_stream2,0.07472,8.26877,0.000951,9.4004,156.836
FFTTransform_stream2,0.074688,8.26366,0.000911,9.39827,156.903
FFTTransform_stream2,0.075488,8.25873,0.001463,9.39382,155.24
FFTTransform_stream2,0.066048,8.27048,0.004739,9.41686,177.428
FFTTransform_stream2,0.06464,8.26556,0.000911,9.3841,181.293
FFTTransform_stream2,0.076672,8.27907,0.004598,9.43057,152.843
FFTTransform_stream2,0.074528,8.26681,0.000881,9.39853,157.24
FFTTransform_stream2,0.076768,8.26842,0.001453,9.40847,152.651
FFTTransform_stream2,0.074208,8.26176,0.000912,9.39477,157.918
FFTTransform_stream2,0.07472,8.26523,0.004899,9.53061,156.836
FFTTransform_stream2,0.074144,8.26825,0.000882,9.40168,158.054
FFTTransform_stream2,0.074816,8.65036,0.006072,9.81165,156.634
FFTTransform_stream2,0.064096,8.27739,0.00507,9.42225,182.831
FFTTransform_stream2,0.075232,8.25581,0.000981,9.39371,155.768
FFTTransform_stream2,0.065024,8.27072,0.005089,9.42003,180.222
FFTTransform_stream2,0.074976,8.25973,0.001513,9.39576,156.3
FFTTransform_stream2,0.074656,8.26677,0.000912,9.39562,156.97
FFTTransform_stream2,0.074368,8.26774,0.000912,9.39984,157.578
FFTTransform_stream2,0.075392,8.26398,0.001303,9.40355,155.438
FFTTransform_stream2,0.076768,8.28021,0.004949,9.43392,152.651
FFTTransform_stream2,0.074624,8.26915,0.001122,9.40258,157.037
FFTTransform_stream2,0.075072,8.273,0.000911,9.40519,156.1
FFTTransform_stream2,0.074784,8.27045,0.001713,9.4054,156.701
FFTTransform_stream2,0.064064,8.26898,0.00535,9.40995,182.923
FFTTransform_stream2,0.064928,8.26278,0.00558,9.50064,180.488
FFTTransform_stream2,0.06432,8.27748,0.00545,9.41438,182.195
FFTTransform_stream2,0.074944,8.26749,0.000922,9.40236,156.367
FFTTransform_stream2,0.064416,8.26949,0.00563,9.41162,181.923
FFTTransform_stream2,0.074624,8.26938,0.005781,9.47982,157.037
FFTTransform_stream2,0.075072,8.27142,0.000952,9.40207,156.1
FFTTransform_stream2,0.075744,8.2667,0.00503,9.42021,154.715
FFTTransform_stream2,0.074336,8.26546,0.000932,9.39786,157.646
FFTTransform_stream2,0.07472,8.30146,0.004999,9.51179,156.836
FFTTransform_stream2,0.064608,8.26252,0.00526,9.42455,181.382
FFTTransform_stream2,0.075264,8.26824,0.000892,9.40367,155.702
FFTTransform_stream2,0.07568,8.26786,0.001242,9.40375,154.846
FFTTransform_stream2,0.075296,8.26394,0.000892,9.39539,155.636
FFTTransform_stream2,0.074144,8.26834,0.001042,9.4035,158.054
FFTTransform_stream2,0.07552,8.27645,0.000881,9.41477,155.174
FFTTransform_stream2,0.065728,8.27414,0.005059,9.42137,178.292
FFTTransform_stream2,0.075072,8.2629,0.001363,9.39752,156.1
FFTTransform_stream2,0.075296,8.26411,0.000902,9.39574,155.636
FFTTransform_stream2,0.076576,8.2714,0.000922,9.40419,153.034
FFTTransform_stream2,0.074912,8.26769,0.000882,9.39785,156.434
FFTTransform_stream2,0.064192,8.27512,0.00511,9.41976,182.558
FFTTransform_stream2,0.074784,8.27413,0.001032,9.40828,156.701
FFTTransform_stream2,0.074624,8.26674,0.001222,9.39743,157.037
FFTTransform_stream2,0.075872,8.26683,0.001123,9.40388,154.454
FFTTransform_stream2,0.074848,8.27059,0.000882,9.4021,156.567
FFTTransform_stream2,0.064096,8.26797,0.004909,9.41203,182.831
FFTTransform_stream2,0.076256,8.26527,0.000921,9.40209,153.676
FFTTransform_stream2,0.074816,8.27317,0.000871,9.40404,156.634
FFTTransform_stream2,0.074816,8.27037,0.000902,9.40189,156.634
FFTTransform_stream2,0.074848,8.27176,0.000912,9.40006,156.567
FFTTransform_stream2,0.075808,8.27546,0.001403,9.41681,154.585
FFTTransform_stream2,0.075936,8.26701,0.001253,9.40451,154.324
FFTTransform_stream2,0.076032,8.27398,0.001203,9.40838,154.129
FFTTransform_stream2,0.074592,8.26622,0.000902,9.39809,157.105
FFTTransform_stream3,0.074528,8.26998,0.005882,9.42671,157.24
FFTTransform_stream3,0.074976,8.26586,0.001212,9.40068,156.3
FFTTransform_stream3,0.07408,8.26536,0.004929,9.41878,158.19
FFTTransform_stream3,0.075936,8.26087,0.000932,9.39499,154.324
FFTTransform_stream3,0.074496,8.26575,0.001032,9.39572,157.307
FFTTransform_stream3,0.074624,8.26674,0.000892,9.39602,157.037
FFTTransform_stream3,0.0744,8.27219,0.00484,9.42752,157.51
FFTTransform_stream3,0.07488,8.25649,0.001192,9.39084,156.5
FFTTransform_stream3,0.075552,8.26142,0.001102,9.39229,155.108
FFTTransform_stream3,0.074528,8.25811,0.000921,9.39037,157.24
FFTTransform_stream3,0.075456,8.26642,0.000972,9.39855,155.306
FFTTransform_stream3,0.074464,8.26845,0.00511,9.42362,157.375
FFTTransform_stream3,0.0752,8.26204,0.001142,9.39613,155.834
FFTTransform_stream3,0.074592,8.53048,0.00497,9.68841,157.105
FFTTransform_stream3,0.074592,8.27719,0.005481,9.43249,157.105
FFTTransform_stream3,0.074944,8.27096,0.00485,9.4254,156.367
FFTTransform_stream3,0.075904,8.26073,0.001122,9.39528,154.389
FFTTransform_stream3,0.07472,8.25487,0.001152,9.38959,156.836
FFTTransform_stream3,0.07488,8.26749,0.001172,9.39867,156.5
FFTTransform_stream3,0.075616,8.26423,0.000881,9.39528,154.977
FFTTransform_stream3,0.074624,8.26865,0.004789,9.42596,157.037
FFTTransform_stream3,0.07552,8.26678,0.001152,9.39904,155.174
FFTTransform_stream3,0.07472,8.27415,0.00528,9.42918,156.836
FFTTransform_stream3,0.076,8.26782,0.000882,9.40116,154.194
FFTTransform_stream3,0.075008,8.25875,0.001022,9.39119,156.233
FFTTransform_stream3,0.075072,8.26652,0.000901,9.39548,156.1
FFTTransform_stream3,0.074912,8.25784,0.005851,9.55123,156.434
FFTTransform_stream3,0.074496,8.26988,0.004939,9.42029,157.307
FFTTransform_stream3,0.075584,8.26072,0.001142,9.39279,155.043
FFTTransform_stream3,0.0752,8.25819,0.001232,9.39179,155.834
FFTTransform_stream3,0.074816,8.26185,0.000871,9.39227,156.634
FFTTransform_stream3,0.073984,8.27997,0.00511,9.4314,158.396
FFTTransform_stream3,0.074944,8.26483,0.000942,9.3939,156.367
FFTTransform_stream3,0.07488,8.27288,0.004889,9.42927,156.5
FFTTransform_stream3,0.0752,8.26621,0.001082,9.40013,155.834
FFTTransform_stream3,0.074752,8.26215,0.000881,9.39303,156.768
FFTTransform_stream3,0.07488,8.26793,0.000902,9.3964,156.5
FFTTransform_stream3,0.074976,8.27225,0.000881,9.4037,156.3
FFTTransform_stream3,0.074784,8.27693,0.004979,9.43421,156.701
FFTTransform_stream3,0.075104,8.2671,0.001082,9.39982,156.034
FFTTransform_stream3,0.075904,8.25865,0.001082,9.39167,154.389
FFTTransform_stream3,0.076032,8.25954,0.001202,9.39314,154.129
FFTTransform_stream3,0.074528,8.26579,0.000891,9.39782,157.24
FFTTransform_stream3,0.074816,8.2735,0.004919,9.488,156.634
FFTTransform_stream3,0.074656,8.26962,0.005049,9.42399,156.97
FFTTransform_stream3,0.074752,8.27092,0.005069,9.42628,156.768
FFTTransform_stream3,0.075488,8.26266,0.001001,9.39516,155.24
FFTTransform_stream3,0.075072,8.26169,0.001152,9.39431,156.1
FFTTransform_stream3,0.074368,8.2679,0.000881,9.39734,157.578
FFTTransform_stream3,0.075616,8.26244,0.000892,9.39434,154.977
FFTTransform_stream3,0.07456,8.27347,0.00487,9.42825,157.172
FFTTransform_stream3,0.074624,8.28046,0.001172,9.41566,157.037
FFTTransform_stream3,0.074624,8.26671,0.007354,9.41613,157.037
FFTTransform_stream3,0.063616,8.2619,0.005771,9.40409,184.211
FFTTransform_stream3,0.074496,8.27349,0.005039,9.42168,157.307
FFTTransform_stream3,0.074368,8.26467,0.000892,9.39521,157.578
FFTTransform_stream3,0.074752,8.27042,0.001342,9.40273,156.768
FFTTransform_stream3,0.075776,8.26631,0.000912,9.3984,154.65
FFTTransform_stream3,0.074496,8.26629,0.000931,9.39591,157.307
FFTTransform_stream3,0.074368,8.39735,0.00521,9.56536,157.578
FFTTransform_stream3,0.074976,8.26892,0.001052,9.39948,156.3
FFTTransform_stream3,0.076288,8.26242,0.001072,9.39604,153.612
FFTTransform_stream3,0.074368,8.26848,0.000942,9.39937,157.578
FFTTransform_stream3,0.075072,8.26615,0.000972,9.39497,156.1
FFTTransform_stream3,0.074976,8.2656,0.001032,9.39943,156.3
FFTTransform_stream3,0.075232,8.25272,0.001083,9.38412,155.768
FFTTransform_stream3,0.076832,8.27265,0.001232,9.40852,152.524
FFTTransform_stream3,0.07504,8.28837,0.00525,9.43988,156.167
FFTTransform_stream3,0.075232,8.26814,0.000932,9.39781,155.768
FFTTransform_stream3,0.075008,8.26877,0.001242,9.40154,156.233
FFTTransform_stream3,0.075712,8.27227,0.001283,9.40599,154.781
FFTTransform_stream3,0.075008,8.26729,0.001152,9.39994,156.233
FFTTransform_stream3,0.075104,8.27422,0.001393,9.40901,156.034
FFTTransform_stream3,0.074016,8.26791,0.0055,9.41761,158.327
FFTTransform_stream3,0.07552,8.2654,0.001062,9.3976,155.174
FFTTransform_stream3,0.0744,8.26988,0.00497,9.42531,157.51
FFTTransform_stream3,0.07552,8.26334,0.000972,9.39697,155.174
FFTTransform_stream3,0.07488,8.26664,0.000961,9.40012,156.5
FFTTransform_stream3,0.074432,8.2656,0.000891,9.39479,157.442
FFTTransform_stream3,0.074592,8.27091,0.001182,9.40194,157.105
FFTTransform_stream3,0.075968,8.54009,0.00524,9.69698,154.259
FFTTransform_stream3,0.07488,8.28434,0.00518,9.44192,156.5
FFTTransform_stream3,0.075104,8.26613,0.000882,9.39763,156.034
FFTTransform_stream3,0.074432,8.26481,0.000902,9.39693,157.442
FFTTransform_stream3,0.0744,8.26097,0.000892,9.39187,157.51
FFTTransform_stream3,0.074656,8.26628,0.000962,9.39704,156.97
FFTTransform_stream3,0.076128,8.27052,0.001132,9.4037,153.935
FFTTransform_stream3,0.074784,8.26196,0.000891,9.39347,156.701
FFTTransform_stream3,0.074784,8.27058,0.002074,9.41313,156.701
FFTTransform_stream3,0.075296,8.27101,0.000892,9.40168,155.636
FFTTransform_stream3,0.074528,8.28025,0.00543,9.42864,157.24
FFTTransform_stream3,0.064672,8.27956,0.00534,9.53979,181.203
FFTTransform_stream3,0.074816,8.27195,0.000891,9.40201,156.634
FFTTransform_stream3,0.075328,8.26566,0.000912,9.39439,155.57
FFTTransform_stream3,0.074848,8.26749,0.000912,9.39835,156.567
FFTTransform_stream3,0.073952,8.26825,0.00516,9.42333,158.464
FFTTransform_stream3,0.074688,8.28116,0.00505,9.43703,156.903
FFTTransform_stream3,0.07536,8.27143,0.000941,9.40581,155.504
FFTTransform_stream3,0.063872,8.26652,0.000881,9.38367,183.472
FFTTransform_stream3,0.07456,8.27245,0.000992,9.40282,157.172
Reduction_stream0,0.04192,8.283,0.012104,9.47876,279.55
Reduction_stream0,0.048768,8.26755,0.001282,9.37849,240.296
Reduction_stream0,0.049152,8.27282,0.001233,9.38495,238.419
Reduction_stream0,0.04864,8.26469,0.000942,9.37272,240.928
Reduction_stream0,0.048768,8.27517,0.001272,9.38464,240.296
Reduction_stream0,0.048864,8.28732,0.005821,9.52833,239.824
Reduction_stream0,0.04848,8.27342,0.000952,9.38309,241.723
Reduction_stream0,0.048768,8.26602,0.004829,9.39607,240.296
Reduction_stream0,0.0488,8.26634,0.000872,9.37663,240.138
Reduction_stream0,0.048448,8.27521,0.005631,9.40678,241.883
Reduction_stream0,0.048768,8.26572,0.000942,9.37584,240.296
Reduction_stream0,0.048832,8.27256,0.001282,9.38398,239.981
Reduction_stream0,0.048416,8.26956,0.000932,9.37709,242.043
Reduction_stream0,0.049024,8.59326,0.006433,9.7307,239.041
Reduction_stream0,0.048864,8.27573,0.004899,9.405,239.824
Reduction_stream0,0.048896,8.26661,0.000892,9.37819,239.667
Reduction_stream0,0.04816,8.27509,0.00543,9.40505,243.33
Reduction_stream0,0.049216,8.26699,0.001072,9.37686,238.109
Reduction_stream0,0.048,8.27319,0.004989,9.40123,244.141
Reduction_stream0,0.04832,8.26613,0.001052,9.37355,242.524
Reduction_stream0,0.048192,8.28073,0.003136,9.39915,243.168
Reduction_stream0,0.049088,8.2829,0.00544,9.41235,238.729
Reduction_stream0,0.049024,8.26973,0.000932,9.37888,239.041
Reduction_stream0,0.04848,8.26873,0.001142,9.37705,241.723
Reduction_stream0,0.048544,8.26768,0.001212,9.37668,241.405
Reduction_stream0,0.04864,8.2742,0.004959,9.39835,240.928
Reduction_stream0,0.048544,8.27147,0.000942,9.38179,241.405
Reduction_stream0,0.048608,8.27585,0.003637,9.39662,241.087
Reduction_stream0,0.048832,8.26969,0.000891,9.37801,239.981
Reduction_stream0,0.048192,8.27998,0.00544,9.41194,243.168
Reduction_stream0,0.039264,8.27336,0.005291,9.3964,298.46
Reduction_stream0,0.048416,8.27351,0.004809,9.40386,242.043
Reduction_stream0,0.04848,8.27887,0.005691,9.41158,241.723
Reduction_stream0,0.04832,8.27196,0.001122,9.38196,242.524
Reduction_stream0,0.049344,8.26917,0.001242,9.38165,237.491
Reduction_stream0,0.048352,8.2661,0.000942,9.37528,242.363
Reduction_stream0,0.048704,8.27872,0.005831,9.40997,240.612
Reduction_stream0,0.048736,8.27597,0.005401,9.46574,240.454
Reduction_stream0,0.048992,8.26928,0.001042,9.37902,239.197
Reduction_stream0,0.04864,8.26937,0.001001,9.37897,240.928
Reduction_stream0,0.049344,8.27538,0.006492,9.46969,237.491
Reduction_stream0,0.048064,8.27967,0.005851,9.40946,243.816
Reduction_stream0,0.050304,8.27306,0.000972,9.38287,232.959
Reduction_stream0,0.048832,8.27013,0.001102,9.38106,239.981
Reduction_stream0,0.049024,8.26194,0.001352,9.37122,239.041
Reduction_stream0,0.049472,8.26963,0.000922,9.38021,236.876
Reduction_stream0,0.048576,8.2721,0.00523,9.41324,241.246
Reduction_stream0,0.048928,8.30631,0.005521,9.43552,239.51
Reduction_stream0,0.04832,8.27427,0.00514,9.4012,242.524
Reduction_stream0,0.048864,8.27252,0.001012,9.38067,239.824
Reduction_stream0,0.048736,8.2725,0.001032,9.38194,240.454
Reduction_stream0,0.048832,8.26886,0.001423,9.38125,239.981
Reduction_stream0,0.0488,8.27434,0.001112,9.38502,240.138
Reduction_stream0,0.049248,8.28341,0.00563,9.49564,237.954
Reduction_stream0,0.048288,8.27296,0.005881,9.40408,242.685
Reduction_stream0,0.048608,8.55687,0.005671,9.68836,241.087
Reduction_stream0,0.048352,8.26847,0.000982,9.37705,242.363
Reduction_stream0,0.038752,8.27095,0.005631,9.52787,302.404
Reduction_stream0,0.048896,8.27029,0.001173,9.3799,239.667
Reduction_stream0,0.0496,8.26664,0.000972,9.37985,236.265
Reduction_stream0,0.048416,8.28182,0.003386,9.40154,242.043
Reduction_stream0,0.048384,8.26794,0.001173,9.37866,242.203
Reduction_stream0,0.04848,8.28627,0.00534,9.41626,241.723
Reduction_stream0,0.048768,8.27082,0.000952,9.38298,240.296
Reduction_stream0,0.048608,8.27836,0.001262,9.38921,241.087
Reduction_stream0,0.048352,8.27157,0.001213,9.38326,242.363
Reduction_stream0,0.038368,8.27255,0.005571,9.62048,305.43
Reduction_stream0,0.048,8.27948,0.001293,9.38965,244.141
Reduction_stream0,0.048128,8.27598,0.004799,9.40429,243.491
Reduction_stream0,0.048672,8.28096,0.00534,9.41534,240.77
Reduction_stream0,0.049056,8.27038,0.000972,9.38163,238.885
Reduction_stream0,0.048704,8.28193,0.00526,9.4119,240.612
Reduction_stream0,0.048288,8.27191,0.000892,9.38017,242.685
Reduction_stream0,0.048448,8.27576,0.001413,9.39238,241.883
Reduction_stream0,0.048864,8.2724,0.000942,9.38158,239.824
Reduction_stream0,0.048864,8.2835,0.00528,9.46304,239.824
Reduction_stream0,0.048384,8.27132,0.000952,9.38226,242.203
Reduction_stream0,0.048832,8.26888,0.00495,9.40032,239.981
Reduction_stream0,0.04864,8.27112,0.00516,9.39488,240.928
Reduction_stream0,0.048768,8.26642,0.000921,9.3765,240.296
Reduction_stream0,0.048256,8.2696,0.004458,9.39285,242.845
Reduction_stream0,0.048352,8.27269,0.000892,9.38103,242.363
Reduction_stream0,0.048768,8.27119,0.005,9.40401,240.296
Reduction_stream0,0.048768,8.27759,0.00519,9.45869,240.296
Reduction_stream0,0.048544,8.26867,0.001212,9.37667,241.405
Reduction_stream0,0.04784,8.26912,0.000902,9.37854,244.957
Reduction_stream0,0.04848,8.26939,0.000911,9.37755,241.723
Reduction_stream0,0.048512,8.27234,0.001343,9.38061,241.564
Reduction_stream0,0.049856,8.27116,0.000912,9.38216,235.052
Reduction_stream0,0.048576,8.27496,0.001122,9.38789,241.246
Reduction_stream0,0.048864,8.26723,0.000901,9.37766,239.824
Reduction_stream0,0.048512,8.26931,0.000971,9.37964,241.564
Reduction_stream0,0.0488,8.27069,0.00547,9.40505,240.138
Reduction_stream0,0.048288,8.27718,0.001062,9.3918,242.685
Reduction_stream0,0.048864,8.27798,0.0055,9.41187,239.824
Reduction_stream0,0.048704,8.26678,0.001272,9.37438,240.612
Reduction_stream0,0.048704,8.26845,0.000892,9.37639,240.612
Reduction_stream0,0.048416,8.27069,0.001052,9.37954,242.043
Reduction_stream0,0.048544,8.26652,0.000932,9.37456,241.405
Reduction_stream0,0.04864,8.27413,0.005179,9.40662,240.928
Reduction_stream1,0.041248,8.29298,0.00512,9.41669,284.105
Reduction_stream1,0.048608,8.26735,0.001042,9.37611,241.087
Reduction_stream1,0.048288,8.2649,0.000892,9.37379,242.685
Reduction_stream1,0.049856,8.27828,0.004999,9.41024,235.052
Reduction_stream1,0.048512,8.27127,0.000952,9.37945,241.564
Reduction_stream1,0.048,8.28069,0.00521,9.41037,244.141
Reduction_stream1,0.048256,8.26517,0.000892,9.37329,242.845
Reduction_stream1,0.050176,8.26847,0.004829,9.40078,233.553
Reduction_stream1,0.048896,8.26692,0.001132,9.37503,239.667
Reduction_stream1,0.047968,8.27539,0.00525,9.40528,244.303
Reduction_stream1,0.04832,8.2702,0.005621,9.4037,242.524
Reduction_stream1,0.048576,8.27124,0.000942,9.37799,241.246
Reduction_stream1,0.04848,8.26999,0.000911,9.37067,241.723
Reduction_stream1,0.048384,8.41974,0.00519,9.55248,242.203
Reduction_stream1,0.050176,8.28086,0.00489,9.4174,233.553
Reduction_stream1,0.049024,8.27104,0.001192,9.38038,239.041
Reduction_stream1,0.04848,8.27229,0.005481,9.40141,241.723
Reduction_stream1,0.048416,8.27186,0.000972,9.38244,242.043
Reduction_stream1,0.048672,8.27257,0.001122,9.38511,240.77
Reduction_stream1,0.038752,8.54815,0.005771,9.66409,302.404
Reduction_stream1,0.049056,8.2853,0.000991,9.39581,238.885
Reduction_stream1,0.048384,8.2681,0.004979,9.40234,242.203
Reduction_stream1,0.04832,8.26946,0.000952,9.37908,242.524
Reduction_stream1,0.047936,8.2671,0.000902,9.37473,244.467
Reduction_stream1,0.048032,8.27361,0.00486,9.55238,243.978
Reduction_stream1,0.048384,8.27503,0.001223,9.38496,242.203
Reduction_stream1,0.049184,8.27103,0.00519,9.40215,238.263
Reduction_stream1,0.049152,8.26955,0.00534,9.40153,238.419
Reduction_stream1,0.048608,8.27157,0.000992,9.38127,241.087
Reduction_stream1,0.048288,8.28794,0.005059,9.42163,242.685
Reduction_stream1,0.048192,8.28458,0.00547,9.41668,243.168
Reduction_stream1,0.048992,8.27773,0.004789,9.4006,239.197
Reduction_stream1,0.048672,8.28714,0.005109,9.42013,240.77
Reduction_stream1,0.048864,8.27255,0.001292,9.38096,239.824
Reduction_stream1,0.048992,8.2666,0.000952,9.37749,239.197
Reduction_stream1,0.048608,8.26716,0.005561,9.3976,241.087
Reduction_stream1,0.048512,8.26763,0.001112,9.37731,241.564
Reduction_stream1,0.048448,8.28385,0.005511,9.41645,241.883
Reduction_stream1,0.048416,8.26703,0.000952,9.37513,242.043
Reduction_stream1,0.048736,8.28094,0.004889,9.40574,240.454
Reduction_stream1,0.048704,8.28543,0.001342,9.39808,240.612
Reduction_stream1,0.048384,8.26577,0.001323,9.37706,242.203
Reduction_stream1,0.048768,8.28101,0.005461,9.40977,240.296
Reduction_stream1,0.048672,8.27182,0.000942,9.38226,240.77
Reduction_stream1,0.04896,8.26618,0.000902,9.37373,239.354
Reduction_stream1,0.048544,8.26931,0.000941,9.37921,241.405
Reduction_stream1,0.050112,8.28271,0.005099,9.41411,233.851
Reduction_stream1,0.048544,8.27583,0.005451,9.40596,241.405
Reduction_stream1,0.04928,8.271,0.001092,9.38386,237.799
Reduction_stream1,0.047872,8.27163,0.00524,9.40351,244.793
Reduction_stream1,0.048032,8.2733,0.001172,9.38066,243.978
Reduction_stream1,0.0496,8.49381,0.00533,9.61895,236.265
Reduction_stream1,0.048192,8.54712,0.005911,9.67934,243.168
Reduction_stream1,0.048032,8.28095,0.00551,9.41146,243.978
Reduction_stream1,0.04832,8.26526,0.00544,9.39377,242.524
Reduction_stream1,0.049024,8.27345,0.001212,9.38233,239.041
Reduction_stream1,0.048352,8.27107,0.000942,9.37928,242.363
Reduction_stream1,0.048512,8.27259,0.004809,9.39268,241.564
Reduction_stream1,0.04848,8.28778,0.005671,9.4177,241.723
Reduction_stream1,0.048704,8.26633,0.000992,9.37714,240.612
Reduction_stream1,0.04832,8.30148,0.00527,9.4256,242.524
Reduction_stream1,0.048352,8.27321,0.000932,9.38214,242.363
Reduction_stream1,0.048608,8.28,0.00522,9.40864,241.087
Reduction_stream1,0.048832,8.27108,0.001032,9.37953,239.981
Reduction_stream1,0.04848,8.26842,0.005199,9.39815,241.723
Reduction_stream1,0.048512,8.27242,0.000932,9.38074,241.564
Reduction_stream1,0.048608,8.49928,0.00538,9.63272,241.087
Reduction_stream1,0.048224,8.28113,0.004899,9.46509,243.007
Reduction_stream1,0.048576,8.27483,0.001062,9.3854,241.246
Reduction_stream1,0.048576,8.26845,0.00531,9.45794,241.246
Reduction_stream1,0.048832,8.27161,0.001162,9.38193,239.981
Reduction_stream1,0.04848,8.27127,0.001122,9.38167,241.723
Reduction_stream1,0.048672,8.26679,0.000952,9.37436,240.77
Reduction_stream1,0.048992,8.26869,0.000931,9.37786,239.197
Reduction_stream1,0.038368,8.27855,0.004939,9.39904,305.43
Reduction_stream1,0.048768,8.27503,0.00476,9.39553,240.296
Reduction_stream1,0.048928,8.27587,0.00549,9.4024,239.51
Reduction_stream1,0.04848,8.27962,0.001382,9.38857,241.723
Reduction_stream1,0.048128,8.27404,0.00551,9.40266,243.491
Reduction_stream1,0.048384,8.26534,0.000952,9.37363,242.203
Reduction_stream1,0.047904,8.28514,0.001143,9.39351,244.63
Reduction_stream1,0.048832,8.26979,0.000912,9.37628,239.981
Reduction_stream1,0.04864,8.28456,0.005491,9.41806,240.928
Reduction_stream1,0.0488,8.28734,0.004949,9.41657,240.138
Reduction_stream1,0.047968,8.27398,0.001002,9.38482,244.303
Reduction_stream1,0.048832,8.26748,0.001002,9.3695,239.981
Reduction_stream1,0.048352,8.27059,0.000931,9.38218,242.363
Reduction_stream1,0.048608,8.27655,0.004789,9.40865,241.087
Reduction_stream1,0.048544,8.27082,0.000932,9.38183,241.405
Reduction_stream1,0.048864,8.27524,0.00539,9.40535,239.824
Reduction_stream1,0.049088,8.26693,0.000932,9.37604,238.729
Reduction_stream1,0.048832,8.26664,0.000921,9.37676,239.981
Reduction_stream1,0.048736,8.27925,0.001072,9.39426,240.454
Reduction_stream1,0.048928,8.26655,0.001092,9.37594,239.51
Reduction_stream1,0.048576,8.27472,0.004208,9.39495,241.246
Reduction_stream1,0.04864,8.2803,0.000921,9.38855,240.928
Reduction_stream1,0.047936,8.26472,0.000912,9.37635,244.467
Reduction_stream1,0.0488,8.26941,0.000892,9.38006,240.138
Reduction_stream1,0.04896,8.27051,0.000902,9.38041,239.354
Reduction_stream1,0.048992,8.2705,0.004959,9.48007,239.197
Reduction_stream2,0.041536,8.27409,0.001262,9.37679,282.135
Reduction_stream2,0.049184,8.28719,0.004889,9.41762,238.263
Reduction_stream2,0.048672,8.2672,0.000891,9.36958,240.77
Reduction_stream2,0.048352,8.27482,0.004789,9.45518,242.363
Reduction_stream2,0.048704,8.26601,0.001182,9.37009,240.612
Reduction_stream2,0.048448,8.26751,0.001412,9.37925,241.883
Reduction_stream2,0.04816,8.26682,0.000892,9.36551,243.33
Reduction_stream2,0.048736,8.28998,0.004819,9.42118,240.454
Reduction_stream2,0.048512,8.26635,0.001252,9.36913,241.564
Reduction_stream2,0.048736,8.26369,0.001072,9.36851,240.454
Reduction_stream2,0.048512,8.2747,0.00546,9.40751,241.564
Reduction_stream2,0.048096,8.27026,0.000982,9.37248,243.653
Reduction_stream2,0.048736,8.27361,0.000891,9.37482,240.454
Reduction_stream2,0.048416,8.27256,0.00521,9.41392,242.043
Reduction_stream2,0.04832,8.27924,0.00484,9.40616,242.524
Reduction_stream2,0.047936,8.26874,0.00536,9.39476,244.467
Reduction_stream2,0.048672,8.27662,0.001442,9.38043,240.77
Reduction_stream2,0.0488,8.26821,0.000951,9.36829,240.138
Reduction_stream2,0.048832,8.26794,0.001042,9.37319,239.981
Reduction_stream2,0.048736,8.28204,0.005431,9.4135,240.454
Reduction_stream2,0.04832,8.27013,0.000962,9.37485,242.524
Reduction_stream2,0.048992,8.27609,0.00546,9.40643,239.197
Reduction_stream2,0.048256,8.27276,0.000942,9.37308,242.845
Reduction_stream2,0.048544,8.26756,0.0055,9.3966,241.405
Reduction_stream2,0.04848,8.27698,0.001272,9.38346,241.723
Reduction_stream2,0.048352,8.27033,0.001011,9.37412,242.363
Reduction_stream2,0.04896,8.31498,0.005461,9.44691,239.354
Reduction_stream2,0.048896,8.28282,0.005069,9.40952,239.667
Reduction_stream2,0.048672,8.27032,0.000911,9.3759,240.77
Reduction_stream2,0.048672,8.27306,0.005741,9.40366,240.77
Reduction_stream2,0.04864,8.27569,0.005551,9.47412,240.928
Reduction_stream2,0.048448,8.27164,0.004969,9.53047,241.883
Reduction_stream2,0.04896,8.28466,0.001253,9.38941,239.354
Reduction_stream2,0.048352,8.27211,0.000952,9.37397,242.363
Reduction_stream2,0.048768,8.27078,0.000992,9.37421,240.296
Reduction_stream2,0.04896,8.28298,0.00555,9.41854,239.354
Reduction_stream2,0.049088,8.27013,0.001182,9.37458,238.729
Reduction_stream2,0.048736,8.26123,0.001313,9.36461,240.454
Reduction_stream2,0.048768,8.27361,0.000951,9.37484,240.296
Reduction_stream2,0.04832,8.51112,0.007234,9.64645,242.524
Reduction_stream2,0.050048,8.27052,0.000992,9.3788,234.15
Reduction_stream2,0.048608,8.30217,0.00552,9.43363,241.087
Reduction_stream2,0.048928,8.28032,0.005982,9.41593,239.51
Reduction_stream2,0.048704,8.27127,0.000952,9.37536,240.612
Reduction_stream2,0.048192,8.62483,0.006302,9.75921,243.168
Reduction_stream2,0.0488,8.27101,0.000972,9.3719,240.138
Reduction_stream2,0.048448,8.28221,0.005321,9.4118,241.883
Reduction_stream2,0.048096,8.27583,0.00543,9.40541,243.653
Reduction_stream2,0.048768,8.27792,0.00553,9.40983,240.296
Reduction_stream2,0.048672,8.27768,0.001283,9.38254,240.77
Reduction_stream2,0.04832,8.27054,0.000932,9.37147,242.524
Reduction_stream2,0.04864,8.27325,0.00546,9.4006,240.928
Reduction_stream2,0.038176,8.27689,0.00548,9.45063,306.966
Reduction_stream2,0.048512,8.28088,0.00516,9.40438,241.564
Reduction_stream2,0.048928,8.27588,0.001452,9.38142,239.51
Reduction_stream2,0.049952,8.26886,0.000932,9.37385,234.6
Reduction_stream2,0.048864,8.27358,0.005431,9.42283,239.824
Reduction_stream2,0.049376,8.27,0.005511,9.40079,237.337
Reduction_stream2,0.048896,8.27007,0.00525,9.39994,239.667
Reduction_stream2,0.048448,8.27209,0.000951,9.37332,241.883
Reduction_stream2,0.048736,8.27219,0.005771,9.43964,240.454
Reduction_stream2,0.048832,8.28827,0.005671,9.41768,239.981
Reduction_stream2,0.049152,8.2711,0.001272,9.37825,238.419
Reduction_stream2,0.048768,8.27276,0.005481,9.40537,240.296
Reduction_stream2,0.048608,8.27015,0.001644,9.37587,241.087
Reduction_stream2,0.049024,8.26812,0.001102,9.36926,239.041
Reduction_stream2,0.038208,8.2779,0.005209,9.39724,306.709
Reduction_stream2,0.048288,8.2688,0.005391,9.40175,242.685
Reduction_stream2,0.0488,8.2703,0.000991,9.37421,240.138
Reduction_stream2,0.048768,8.27001,0.004969,9.40507,240.296
Reduction_stream2,0.048544,8.28479,0.001583,9.40171,241.405
Reduction_stream2,0.049568,8.26861,0.001002,9.37223,236.418
Reduction_stream2,0.048064,8.56184,0.00548,9.6912,243.816
Reduction_stream2,0.048352,8.27478,0.00489,9.40576,242.363
Reduction_stream2,0.048224,8.27932,0.005089,9.40023,243.007
Reduction_stream2,0.048576,8.27677,0.001092,9.37921,241.246
Reduction_stream2,0.049024,8.27305,0.001142,9.37917,239.041
Reduction_stream2,0.04944,8.26649,0.000932,9.3716,237.03
Reduction_stream2,0.04928,8.25854,0.001222,9.36234,237.799
Reduction_stream2,0.049088,8.27119,0.005029,9.40674,238.729
Reduction_stream2,0.049056,8.2709,0.000901,9.37387,238.885
Reduction_stream2,0.049856,8.27756,0.005109,9.40349,235.052
Reduction_stream2,0.048704,8.27909,0.001423,9.38548,240.612
Reduction_stream2,0.048768,8.26926,0.00553,9.40162,240.296
Reduction_stream2,0.048352,8.26917,0.000962,9.3711,242.363
Reduction_stream2,0.048512,8.2701,0.000942,9.37215,241.564
Reduction_stream2,0.04832,8.27667,0.002835,9.39676,242.524
Reduction_stream2,0.04944,8.28058,0.001082,9.38403,237.03
Reduction_stream2,0.04848,8.27433,0.00573,9.4593,241.723
Reduction_stream2,0.048416,8.27097,0.00511,9.40148,242.043
Reduction_stream2,0.048672,8.26713,0.001082,9.36958,240.77
Reduction_stream2,0.04832,8.26523,0.000942,9.37393,242.524
Reduction_stream2,0.049408,8.27282,0.000902,9.37874,237.183
Reduction_stream2,0.048256,8.27081,0.000911,9.37323,242.845
Reduction_stream2,0.049056,8.26801,0.001002,9.37426,238.885
Reduction_stream2,0.048096,8.26605,0.001042,9.36949,243.653
Reduction_stream2,0.048928,8.2773,0.002715,9.39695,239.51
Reduction_stream2,0.049184,8.26875,0.001172,9.37916,238.263
Reduction_stream2,0.048416,8.26955,0.000982,9.37832,242.043
Reduction_stream2,0.048704,8.27274,0.00501,9.40469,240.612
Reduction_stream3,0.049248,8.26588,0.000972,9.37497,237.954
Reduction_stream3,0.04896,8.27232,0.001312,9.385,239.354
Reduction_stream3,0.048832,8.2662,0.000882,9.37525,239.981
Reduction_stream3,0.04848,8.27013,0.00545,9.40005,241.723
Reduction_stream3,0.048704,8.27617,0.00543,9.40653,240.612
Reduction_stream3,0.048544,8.26474,0.001022,9.37651,241.405
Reduction_stream3,0.048576,8.26694,0.001082,9.37554,241.246
Reduction_stream3,0.049568,8.27936,0.001162,9.39287,236.418
Reduction_stream3,0.048896,8.27716,0.005561,9.41024,239.667
Reduction_stream3,0.048288,8.26946,0.001011,9.38109,242.685
Reduction_stream3,0.048608,8.4369,0.005471,9.56939,241.087
Reduction_stream3,0.04912,8.26987,0.001202,9.37897,238.574
Reduction_stream3,0.048128,8.2718,0.000922,9.37948,243.491
Reduction_stream3,0.048096,8.26258,0.00509,9.39144,243.653
Reduction_stream3,0.048384,8.26474,0.001072,9.37355,242.203
Reduction_stream3,0.048832,8.27712,0.005079,9.4112,239.981
Reduction_stream3,0.049088,8.26711,0.001142,9.37766,238.729
Reduction_stream3,0.048832,8.27415,0.00551,9.39891,239.981
Reduction_stream3,0.0488,8.2676,0.000922,9.37627,240.138
Reduction_stream3,0.047968,8.27139,0.00546,9.40327,244.303
Reduction_stream3,0.04832,8.2811,0.00493,9.41295,242.524
Reduction_stream3,0.048224,8.27595,0.001393,9.38502,243.007
Reduction_stream3,0.048352,8.271,0.000941,9.37928,242.363
Reduction_stream3,0.05008,8.27316,0.001032,9.38498,234.001
Reduction_stream3,0.048576,8.27376,0.005009,9.44446,241.246
Reduction_stream3,0.049248,8.27097,0.001122,9.38042,237.954
Reduction_stream3,0.048832,8.28362,0.00518,9.4121,239.981
Reduction_stream3,0.048672,8.26924,0.001373,9.38092,240.77
Reduction_stream3,0.048896,8.27316,0.000932,9.38268,239.667
Reduction_stream3,0.050304,8.27944,0.001222,9.39092,232.959
Reduction_stream3,0.047968,8.28147,0.005411,9.41451,244.303
Reduction_stream3,0.0488,8.28026,0.00543,9.41007,240.138
Reduction_stream3,0.049184,8.26946,0.000932,9.37847,238.263
Reduction_stream3,0.048352,8.29061,0.00542,9.42288,242.363
Reduction_stream3,0.048384,8.26653,0.000962,9.37701,242.203
Reduction_stream3,0.048448,8.27451,0.005451,9.40559,241.883
Reduction_stream3,0.048992,8.26716,0.001012,9.37685,239.197
Reduction_stream3,0.04896,8.27119,0.001011,9.38169,239.354
Reduction_stream3,0.04848,8.27402,0.000981,9.38424,241.723
Reduction_stream3,0.048512,8.4498,0.005841,9.58386,241.564
Reduction_stream3,0.04848,8.28405,0.00533,9.40681,241.723
Reduction_stream3,0.049024,8.27101,0.001292,9.38169,239.041
Reduction_stream3,0.0488,8.28243,0.001443,9.39662,240.138
Reduction_stream3,0.048064,8.62613,0.006031,9.76265,243.816
Reduction_stream3,0.049184,8.27663,0.001152,9.3882,238.263
Reduction_stream3,0.048928,8.27259,0.006001,9.64295,239.51
Reduction_stream3,0.050176,8.26603,0.006071,9.42792,233.553
Reduction_stream3,0.04864,8.26469,0.00524,9.39524,240.928
Reduction_stream3,0.048896,8.26924,0.001133,9.38007,239.667
Reduction_stream3,0.048768,8.27012,0.000991,9.37863,240.296
Reduction_stream3,0.0488,8.28019,0.005401,9.40727,240.138
Reduction_stream3,0.048864,8.28008,0.00533,9.46801,239.824
Reduction_stream3,0.049664,8.27655,0.001312,9.38813,235.961
Reduction_stream3,0.048672,8.49394,0.008146,9.62314,240.77
Reduction_stream3,0.049664,8.26683,0.001022,9.37516,235.961
Reduction_stream3,0.048384,8.26999,0.001102,9.38135,242.203
Reduction_stream3,0.048384,8.27987,0.00534,9.40396,242.203
Reduction_stream3,0.048352,8.28257,0.00544,9.41165,242.363
Reduction_stream3,0.048352,8.26729,0.001423,9.37618,242.363
Reduction_stream3,0.048672,8.27111,0.000932,9.37971,240.77
Reduction_stream3,0.038752,8.28419,0.005441,9.52263,302.404
Reduction_stream3,0.049056,8.28008,0.00553,9.39801,238.885
Reduction_stream3,0.048512,8.26763,0.001102,9.37837,241.564
Reduction_stream3,0.049152,8.28266,0.00497,9.47019,238.419
Reduction_stream3,0.048512,8.26671,0.000972,9.37662,241.564
Reduction_stream3,0.048512,8.26571,0.000912,9.37286,241.564
Reduction_stream3,0.047968,8.27088,0.004979,9.40213,244.303
Reduction_stream3,0.048512,8.27851,0.00508,9.41007,241.564
Reduction_stream3,0.038272,8.2723,0.0052,9.4136,306.196
Reduction_stream3,0.04848,8.27233,0.001262,9.38188,241.723
Reduction_stream3,0.049376,8.27001,0.000912,9.38211,237.337
Reduction_stream3,0.048096,8.27071,0.000912,9.37885,243.653
Reduction_stream3,0.048608,8.27001,0.004779,9.49986,241.087
Reduction_stream3,0.048992,8.27787,0.001042,9.38763,239.197
Reduction_stream3,0.04848,8.27472,0.005089,9.40693,241.723
Reduction_stream3,0.048224,8.26742,0.000952,9.37782,243.007
Reduction_stream3,0.048864,8.26577,0.000922,9.37607,239.824
Reduction_stream3,0.049408,8.26859,0.005009,9.44811,237.183
Reduction_stream3,0.048544,8.26797,0.000942,9.37544,241.405
Reduction_stream3,0.048416,8.27665,0.00531,9.40776,242.043
Reduction_stream3,0.048896,8.27291,0.000961,9.38077,239.667
Reduction_stream3,0.048608,8.27483,0.001102,9.3862,241.087
Reduction_stream3,0.048768,8.557,0.005511,9.6858,240.296
Reduction_stream3,0.048352,8.27734,0.00537,9.40709,242.363
Reduction_stream3,0.048832,8.27245,0.000921,9.38133,239.981
Reduction_stream3,0.048256,8.27051,0.000942,9.37848,242.845
Reduction_stream3,0.048864,8.28061,0.005,9.40895,239.824
Reduction_stream3,0.048384,8.27092,0.001002,9.38268,242.203
Reduction_stream3,0.048768,8.28213,0.00492,9.41475,240.296
Reduction_stream3,0.048608,8.27316,0.001012,9.3826,241.087
Reduction_stream3,0.04832,8.26867,0.000912,9.37704,242.524
Reduction_stream3,0.0488,8.26796,0.000871,9.37557,240.138
Reduction_stream3,0.049056,8.59563,0.006172,9.87637,238.885
Reduction_stream3,0.0488,8.26834,0.00498,9.39187,240.138
Reduction_stream3,0.047936,8.26595,0.000942,9.37387,244.467
Reduction_stream3,0.04864,8.26691,0.000912,9.37531,240.928
Reduction_stream3,0.048896,8.28344,0.00491,9.40471,239.667
Reduction_stream3,0.048864,8.27085,0.000992,9.38186,239.824
Reduction_stream3,0.048864,8.2662,0.000912,9.37418,239.824
Reduction_stream3,0.049056,8.28344,0.00512,9.41617,238.885
VectorAdd_stream0,0.0592,8.2745,0.029336,9.45181,197.952
VectorAdd_stream0,0.052832,8.23102,0.001313,9.33976,221.812
VectorAdd_stream0,0.052544,8.22889,0.001142,9.33733,223.027
VectorAdd_stream0,0.053056,8.23517,0.000922,9.34654,220.875
VectorAdd_stream0,0.052288,8.23135,0.001052,9.3395,224.119
VectorAdd_stream0,0.052896,8.24753,0.00545,9.38982,221.543
VectorAdd_stream0,0.052288,8.22992,0.001263,9.33701,224.119
VectorAdd_stream0,0.043328,8.2417,0.004949,9.36502,270.466
VectorAdd_stream0,0.052928,8.24843,0.00545,9.47354,221.409
VectorAdd_stream0,0.053184,8.23044,0.001152,9.33951,220.344
VectorAdd_stream0,0.051904,8.24622,0.001283,9.35964,225.777
VectorAdd_stream0,0.042624,8.25359,0.005511,9.37637,274.933
VectorAdd_stream0,0.043392,8.24549,0.001052,9.34505,270.067
VectorAdd_stream0,0.052736,8.25633,0.004789,9.46704,222.215
VectorAdd_stream0,0.052224,8.2415,0.001132,9.35595,224.394
VectorAdd_stream0,0.043648,8.24835,0.000982,9.34915,268.483
VectorAdd_stream0,0.052608,8.27094,0.005942,9.51978,222.756
VectorAdd_stream0,0.043232,8.2566,0.006493,9.38344,271.067
VectorAdd_stream0,0.04192,8.25746,0.00545,9.38467,279.55
VectorAdd_stream0,0.043392,8.26026,0.000972,9.35903,270.067
VectorAdd_stream0,0.042272,8.26841,0.005481,9.38912,277.223
VectorAdd_stream0,0.051872,8.25786,0.000972,9.36753,225.917
VectorAdd_stream0,0.04272,8.25013,0.005361,9.37523,274.315
VectorAdd_stream0,0.052512,8.25858,0.001152,9.36507,223.163
VectorAdd_stream0,0.043648,8.25605,0.001022,9.35727,268.483
VectorAdd_stream0,0.05216,8.25702,0.001253,9.36867,224.669
VectorAdd_stream0,0.05328,8.25133,0.001262,9.36613,219.947
VectorAdd_stream0,0.042528,8.25438,0.00497,9.3777,275.554
VectorAdd_stream0,0.052896,8.25758,0.001132,9.37,221.543
VectorAdd_stream0,0.054528,8.27197,0.00527,9.40699,214.913
VectorAdd_stream0,0.052352,8.25611,0.000961,9.36347,223.845
VectorAdd_stream0,0.052064,8.25772,0.000952,9.36452,225.084
VectorAdd_stream0,0.05296,8.27736,0.004779,9.41222,221.275
VectorAdd_stream0,0.052096,8.25286,0.001202,9.36392,224.945
VectorAdd_stream0,0.0432,8.2541,0.001052,9.3506,271.267
VectorAdd_stream0,0.043904,8.26502,0.000942,9.36447,266.918
VectorAdd_stream0,0.054272,8.26676,0.00533,9.48735,215.926
VectorAdd_stream0,0.051936,8.26241,0.000982,9.37145,225.638
VectorAdd_stream0,0.05216,8.25819,0.001362,9.37225,224.669
VectorAdd_stream0,0.05168,8.25463,0.001142,9.36469,226.756
VectorAdd_stream0,0.054272,8.25977,0.004248,9.38974,215.926
VectorAdd_stream0,0.054944,8.26721,0.00511,9.39557,213.285
VectorAdd_stream0,0.05232,8.25707,0.001222,9.36797,223.982
VectorAdd_stream0,0.042112,8.26996,0.00525,9.39054,278.276
VectorAdd_stream0,0.043616,8.25757,0.001212,9.35745,268.68
VectorAdd_stream0,0.04384,8.26625,0.005491,9.39463,267.307
VectorAdd_stream0,0.052384,8.2647,0.001022,9.37398,223.709
VectorAdd_stream0,0.0528,8.26239,0.00552,9.43358,221.946
VectorAdd_stream0,0.042336,8.27033,0.005711,9.39394,276.803
VectorAdd_stream0,0.043552,8.26361,0.000931,9.36687,269.075
VectorAdd_stream0,0.052896,8.26271,0.001002,9.37477,221.543
VectorAdd_stream0,0.052416,8.26125,0.001032,9.3683,223.572
VectorAdd_stream0,0.05248,8.27185,0.001322,9.37931,223.299
VectorAdd_stream0,0.052544,8.27105,0.001392,9.38342,223.027
VectorAdd_stream0,0.052288,8.26659,0.001343,9.37792,224.119
VectorAdd_stream0,0.05328,8.25735,0.000932,9.36538,219.947
VectorAdd_stream0,0.043616,8.26181,0.001011,9.36209,268.68
VectorAdd_stream0,0.05248,8.26532,0.001212,9.3746,223.299
VectorAdd_stream0,0.052,8.25147,0.00525,9.38919,225.361
VectorAdd_stream0,0.043968,8.26485,0.00515,9.38927,266.529
VectorAdd_stream0,0.043232,8.27804,0.00529,9.40579,271.067
VectorAdd_stream0,0.043488,8.26427,0.000941,9.36279,269.471
VectorAdd_stream0,0.043904,8.26161,0.000992,9.36252,266.918
VectorAdd_stream0,0.052,8.26041,0.000942,9.3673,225.361
VectorAdd_stream0,0.041472,8.27488,0.00507,9.39878,282.57
VectorAdd_stream0,0.052256,8.26308,0.029006,9.5646,224.257
VectorAdd_stream0,0.05248,8.26769,0.000961,9.37783,223.299
VectorAdd_stream0,0.042752,8.2756,0.005811,9.48648,274.11
VectorAdd_stream0,0.05216,8.26317,0.001082,9.37581,224.669
VectorAdd_stream0,0.043616,8.25206,0.000932,9.35036,268.68
VectorAdd_stream0,0.053248,8.27085,0.001232,9.38664,220.079
VectorAdd_stream0,0.052224,8.25939,0.000982,9.36563,224.394
VectorAdd_stream0,0.043552,8.25561,0.000982,9.35406,269.075
VectorAdd_stream0,0.052,8.26502,0.000992,9.37304,225.361
VectorAdd_stream0,0.052288,8.26943,0.001283,9.38078,224.119
VectorAdd_stream0,0.042112,8.27794,0.002174,9.3857,278.276
VectorAdd_stream0,0.043712,8.2612,0.000982,9.35827,268.09
VectorAdd_stream0,0.043488,8.26459,0.001012,9.36383,269.471
VectorAdd_stream0,0.043584,8.26144,0.000921,9.35853,268.877
VectorAdd_stream0,0.043264,8.26196,0.000932,9.36393,270.866
VectorAdd_stream0,0.052224,8.27157,0.00496,9.44776,224.394
VectorAdd_stream0,0.052704,8.26744,0.001082,9.37926,222.35
VectorAdd_stream0,0.052256,8.26634,0.001012,9.37693,224.257
VectorAdd_stream0,0.05264,8.26013,0.001292,9.3704,222.621
VectorAdd_stream0,0.052064,8.26295,0.000942,9.37298,225.084
VectorAdd_stream0,0.052768,8.26513,0.001162,9.37701,222.081
VectorAdd_stream0,0.052,8.26134,0.000911,9.37236,225.361
VectorAdd_stream0,0.04208,8.26366,0.00523,9.3875,278.487
VectorAdd_stream0,0.05312,8.26012,0.001152,9.36676,220.609
VectorAdd_stream0,0.052768,8.25768,0.001423,9.37038,222.081
VectorAdd_stream0,0.043616,8.25805,0.001222,9.35732,268.68
VectorAdd_stream0,0.052384,8.26596,0.001202,9.38439,223.709
VectorAdd_stream0,0.052544,8.26197,0.000981,9.36951,223.027
VectorAdd_stream0,0.042624,8.27349,0.004959,9.39958,274.933
VectorAdd_stream0,0.052288,8.26667,0.000921,9.37259,224.119
VectorAdd_stream0,0.05248,8.27087,0.000951,9.37804,223.299
VectorAdd_stream0,0.042112,9.03074,0.014417,10.2005,278.276
VectorAdd_stream0,0.052,8.27199,0.005701,9.44994,225.361
VectorAdd_stream0,0.042528,8.27007,0.005351,9.39463,275.554
VectorAdd_stream0,0.052544,8.26373,0.001132,9.37249,223.027
VectorAdd_stream1,0.058464,8.27324,0.021571,9.43289,200.444
VectorAdd_stream1,0.052672,8.22595,0.00526,9.36094,222.485
VectorAdd_stream1,0.05264,8.22783,0.000902,9.3369,222.621
VectorAdd_stream1,0.043744,8.23326,0.004869,9.35862,267.894
VectorAdd_stream1,0.05312,8.2322,0.005601,9.42006,220.609
VectorAdd_stream1,0.052448,8.24806,0.006192,9.38572,223.436
VectorAdd_stream1,0.053408,8.23023,0.000891,9.33959,219.419
VectorAdd_stream1,0.05264,8.23761,0.005841,9.46527,222.621
VectorAdd_stream1,0.043584,8.24149,0.005551,9.36536,268.877
VectorAdd_stream1,0.053248,8.24112,0.001022,9.35001,220.079
VectorAdd_stream1,0.052928,8.23581,0.001062,9.34622,221.409
VectorAdd_stream1,0.052256,8.23182,0.001433,9.34523,224.257
VectorAdd_stream1,0.052672,8.2414,0.001193,9.3503,222.485
VectorAdd_stream1,0.043744,8.24691,0.001212,9.34491,267.894
VectorAdd_stream1,0.052928,8.25335,0.00526,9.38913,221.409
VectorAdd_stream1,0.053376,8.24877,0.001202,9.356,219.551
VectorAdd_stream1,0.054752,8.24594,0.005731,9.37917,214.033
VectorAdd_stream1,0.0536,8.25734,0.001112,9.36583,218.633
VectorAdd_stream1,0.05312,8.2513,0.001393,9.3583,220.609
VectorAdd_stream1,0.04336,8.2525,0.001233,9.35176,270.266
VectorAdd_stream1,0.053184,8.27089,0.001383,9.38466,220.344
VectorAdd_stream1,0.042848,8.24747,0.005521,9.37255,273.496
VectorAdd_stream1,0.053408,8.2748,0.001443,9.38566,219.419
VectorAdd_stream1,0.0528,8.25683,0.001123,9.36335,221.946
VectorAdd_stream1,0.043904,8.24773,0.000952,9.34988,266.918
VectorAdd_stream1,0.05296,8.25072,0.001042,9.36316,221.275
VectorAdd_stream1,0.052896,8.25341,0.000982,9.36205,221.543
VectorAdd_stream1,0.05408,8.25926,0.005129,9.38839,216.693
VectorAdd_stream1,0.053312,8.26142,0.000972,9.37074,219.814
VectorAdd_stream1,0.053056,8.25546,0.001152,9.36827,220.875
VectorAdd_stream1,0.052704,8.252,0.000972,9.35893,222.35
VectorAdd_stream1,0.053216,8.25985,0.001042,9.37118,220.211
VectorAdd_stream1,0.055008,8.25339,0.00543,9.38907,213.037
VectorAdd_stream1,0.053408,8.25769,0.001162,9.36667,219.419
VectorAdd_stream1,0.05216,8.26355,0.000982,9.37055,224.669
VectorAdd_stream1,0.043264,8.25433,0.000972,9.35397,270.866
VectorAdd_stream1,0.054944,8.2679,0.001112,9.39352,213.285
VectorAdd_stream1,0.042944,8.26881,0.00542,9.38859,272.884
VectorAdd_stream1,0.052928,8.25754,0.005421,9.42165,221.409
VectorAdd_stream1,0.053184,8.2662,0.000972,9.37269,220.344
VectorAdd_stream1,0.052672,8.27509,0.001042,9.38816,222.485
VectorAdd_stream1,0.054496,8.26759,0.005461,9.40492,215.039
VectorAdd_stream1,0.052544,8.25956,0.000942,9.36793,223.027
VectorAdd_stream1,0.052704,8.26252,0.001342,9.37331,222.35
VectorAdd_stream1,0.043456,8.2607,0.000922,9.35736,269.669
VectorAdd_stream1,0.043168,8.26907,0.0053,9.39539,271.468
VectorAdd_stream1,0.041984,8.25732,0.001093,9.35721,279.124
VectorAdd_stream1,0.054176,8.38376,0.00535,9.51109,216.309
VectorAdd_stream1,0.052672,8.27111,0.004909,9.41098,222.485
VectorAdd_stream1,0.042432,8.26783,0.00543,9.38546,276.177
VectorAdd_stream1,0.043776,8.26251,0.000922,9.35848,267.698
VectorAdd_stream1,0.052576,8.25809,0.000932,9.36699,222.892
VectorAdd_stream1,0.052832,8.26235,0.001142,9.3717,221.812
VectorAdd_stream1,0.042304,8.27029,0.00536,9.39659,277.013
VectorAdd_stream1,0.052768,8.26501,0.001032,9.37434,222.081
VectorAdd_stream1,0.042624,8.25662,0.000952,9.3569,274.933
VectorAdd_stream1,0.053408,8.26192,0.006292,9.51557,219.419
VectorAdd_stream1,0.042048,8.26095,0.005169,9.38673,278.699
VectorAdd_stream1,0.052736,8.25736,0.001153,9.36625,222.215
VectorAdd_stream1,0.05312,8.2788,0.005701,9.42873,220.609
VectorAdd_stream1,0.053152,8.28295,0.001062,9.39588,220.476
VectorAdd_stream1,0.04336,8.26263,0.000952,9.35888,270.266
VectorAdd_stream1,0.052928,8.26177,0.000982,9.37193,221.409
VectorAdd_stream1,0.0424,8.26871,0.00534,9.38785,276.386
VectorAdd_stream1,0.05488,8.31685,0.005821,9.45677,213.534
VectorAdd_stream1,0.042656,8.27163,0.001994,9.38078,274.727
VectorAdd_stream1,0.052064,8.25867,0.001112,9.37191,225.084
VectorAdd_stream1,0.054112,8.27814,0.001122,9.40318,216.565
VectorAdd_stream1,0.05328,8.26482,0.000992,9.37512,219.947
VectorAdd_stream1,0.0528,8.2682,0.005661,9.45865,221.946
VectorAdd_stream1,0.043712,8.25716,0.001242,9.35693,268.09
VectorAdd_stream1,0.043904,8.25585,0.000962,9.35828,266.918
VectorAdd_stream1,0.043808,8.26181,0.000942,9.35992,267.503
VectorAdd_stream1,0.052704,8.26676,0.001032,9.37495,222.35
VectorAdd_stream1,0.055072,8.26233,0.00532,9.39692,212.79
VectorAdd_stream1,0.0528,8.26071,0.001142,9.36913,221.946
VectorAdd_stream1,0.043904,8.25904,0.000972,9.36079,266.918
VectorAdd_stream1,0.053024,8.25986,0.000962,9.36646,221.008
VectorAdd_stream1,0.043808,8.26628,0.000962,9.36891,267.503
VectorAdd_stream1,0.043488,8.25881,0.000952,9.35787,269.471
VectorAdd_stream1,0.053056,8.27751,0.005089,9.41345,220.875
VectorAdd_stream1,0.053152,8.273,0.005441,9.40717,220.476
VectorAdd_stream1,0.05296,8.26097,0.000942,9.36921,221.275
VectorAdd_stream1,0.053248,8.26668,0.001162,9.37643,220.079
VectorAdd_stream1,0.053248,8.26477,0.001022,9.37871,220.079
VectorAdd_stream1,0.052352,8.27573,0.005189,9.41137,223.845
VectorAdd_stream1,0.052896,8.26495,0.001002,9.37612,221.543
VectorAdd_stream1,0.052736,8.26562,0.001443,9.37743,222.215
VectorAdd_stream1,0.053152,8.26474,0.000922,9.37214,220.476
VectorAdd_stream1,0.052736,8.25683,0.000992,9.3654,222.215
VectorAdd_stream1,0.052672,8.25793,0.000952,9.36295,222.485
VectorAdd_stream1,0.052064,8.26742,0.000992,9.37836,225.084
VectorAdd_stream1,0.053696,8.26745,0.004609,9.3908,218.243
VectorAdd_stream1,0.052864,8.27456,0.001182,9.38451,221.677
VectorAdd_stream1,0.04208,8.27177,0.005681,9.3978,278.487
VectorAdd_stream1,0.054944,8.27608,0.00537,9.41823,213.285
VectorAdd_stream1,0.04336,8.4554,0.007865,9.71908,270.266
VectorAdd_stream1,0.052512,8.27384,0.00532,9.40349,223.163
VectorAdd_stream1,0.05472,8.26336,0.005631,9.39432,214.158
VectorAdd_stream1,0.052416,8.26551,0.001012,9.37187,223.572
VectorAdd_stream2,0.056032,8.19889,0.001884,9.30982,209.144
VectorAdd_stream2,0.042656,8.23087,0.00525,9.35493,274.727
VectorAdd_stream2,0.04272,8.25862,0.004769,9.3792,274.315
VectorAdd_stream2,0.055232,8.2365,0.004869,9.37261,212.173
VectorAdd_stream2,0.052704,8.2467,0.002224,9.36568,222.35
VectorAdd_stream2,0.0424,8.24723,0.005511,9.37181,276.386
VectorAdd_stream2,0.04336,8.23462,0.001062,9.33643,270.266
VectorAdd_stream2,0.052864,8.24147,0.00524,9.37897,221.677
VectorAdd_stream2,0.052576,8.23077,0.001963,9.3502,222.892
VectorAdd_stream2,0.054272,8.23293,0.00511,9.36136,215.926
VectorAdd_stream2,0.041952,8.25258,0.005451,9.37484,279.337
VectorAdd_stream2,0.052576,8.24059,0.001052,9.34966,222.892
VectorAdd_stream2,0.043328,8.24226,0.000982,9.3468,270.466
VectorAdd_stream2,0.052672,8.26628,0.001082,9.38016,222.485
VectorAdd_stream2,0.053344,8.25878,0.001533,9.37242,219.683
VectorAdd_stream2,0.043776,8.25175,0.000981,9.35603,267.698
VectorAdd_stream2,0.056,8.2609,0.001784,9.37626,209.263
VectorAdd_stream2,0.0528,8.25099,0.001252,9.36261,221.946
VectorAdd_stream2,0.052448,8.25488,0.000971,9.36798,223.436
VectorAdd_stream2,0.053216,8.26119,0.001032,9.37334,220.211
VectorAdd_stream2,0.05248,8.62804,0.008315,9.76987,223.299
VectorAdd_stream2,0.0536,8.26559,0.005531,9.39718,218.633
VectorAdd_stream2,0.042528,8.26356,0.00524,9.38966,275.554
VectorAdd_stream2,0.04272,8.25558,0.001292,9.35873,274.315
VectorAdd_stream2,0.043488,8.25414,0.001002,9.35338,269.471
VectorAdd_stream2,0.052896,8.26147,0.000932,9.37267,221.543
VectorAdd_stream2,0.042688,8.26173,0.00525,9.38207,274.521
VectorAdd_stream2,0.055264,8.26729,0.00546,9.39972,212.05
VectorAdd_stream2,0.053216,8.26496,0.000941,9.37447,220.211
VectorAdd_stream2,0.053696,8.26026,0.001062,9.37926,218.243
VectorAdd_stream2,0.052288,8.25542,0.000972,9.36681,224.119
VectorAdd_stream2,0.0432,8.25647,0.000952,9.35635,271.267
VectorAdd_stream2,0.042688,8.41826,0.00543,9.54408,274.521
VectorAdd_stream2,0.043904,8.25638,0.000952,9.36025,266.918
VectorAdd_stream2,0.052416,8.25106,0.000932,9.36474,223.572
VectorAdd_stream2,0.042784,8.2661,0.0052,9.50523,273.905
VectorAdd_stream2,0.053152,8.26413,0.001123,9.37219,220.476
VectorAdd_stream2,0.042912,8.26754,0.005731,9.3917,273.088
VectorAdd_stream2,0.054304,8.26797,0.00496,9.39532,215.799
VectorAdd_stream2,0.043744,8.25152,0.000912,9.35402,267.894
VectorAdd_stream2,0.0528,8.25302,0.001052,9.36492,221.946
VectorAdd_stream2,0.042112,8.2622,0.00527,9.38722,278.276
VectorAdd_stream2,0.0552,8.2609,0.005761,9.47078,212.296
VectorAdd_stream2,0.052608,8.26204,0.001032,9.37476,222.756
VectorAdd_stream2,0.04144,8.26823,0.00542,9.39086,282.788
VectorAdd_stream2,0.042336,8.26765,0.00546,9.39386,276.803
VectorAdd_stream2,0.052384,8.26097,0.001012,9.37645,223.709
VectorAdd_stream2,0.04304,8.26173,0.00517,9.38485,272.276
VectorAdd_stream2,0.052544,8.25721,0.001242,9.36737,223.027
VectorAdd_stream2,0.052512,8.25172,0.001102,9.36461,223.163
VectorAdd_stream2,0.05232,8.26286,0.000972,9.37513,223.982
VectorAdd_stream2,0.052544,8.26508,0.000941,9.37947,223.027
VectorAdd_stream2,0.043104,8.26353,0.00523,9.38468,271.872
VectorAdd_stream2,0.052,8.38172,0.00527,9.51618,225.361
VectorAdd_stream2,0.052928,8.26187,0.000932,9.37034,221.409
VectorAdd_stream2,0.053024,8.25952,0.000942,9.37267,221.008
VectorAdd_stream2,0.052224,8.26328,0.001242,9.37776,224.394
VectorAdd_stream2,0.052416,8.25996,0.001253,9.37307,223.572
VectorAdd_stream2,0.043552,8.36322,0.00562,9.49033,269.075
VectorAdd_stream2,0.0424,8.27214,0.004829,9.39298,276.386
VectorAdd_stream2,0.052288,8.26091,0.001232,9.37282,224.119
VectorAdd_stream2,0.054272,8.2916,0.005541,9.42347,215.926
VectorAdd_stream2,0.042848,8.25962,0.000932,9.36185,273.496
VectorAdd_stream2,0.05264,8.26242,0.001092,9.37185,222.621
VectorAdd_stream2,0.042784,8.27036,0.004729,9.38709,273.905
VectorAdd_stream2,0.04224,8.26628,0.005311,9.38875,277.433
VectorAdd_stream2,0.053408,8.26847,0.000932,9.37591,219.419
VectorAdd_stream2,0.042656,8.26678,0.00523,9.38619,274.727
VectorAdd_stream2,0.05264,8.26059,0.000952,9.37262,222.621
VectorAdd_stream2,0.042304,8.26333,0.00517,9.39074,277.013
VectorAdd_stream2,0.05232,8.25599,0.001022,9.3693,223.982
VectorAdd_stream2,0.043776,8.26847,0.000961,9.37134,267.698
VectorAdd_stream2,0.042848,8.25961,0.004869,9.38798,273.496
VectorAdd_stream2,0.043552,8.26562,0.001021,9.3677,269.075
VectorAdd_stream2,0.042752,8.28137,0.00545,9.40361,274.11
VectorAdd_stream2,0.053568,8.26149,0.000972,9.37417,218.764
VectorAdd_stream2,0.052576,8.2613,0.000952,9.37269,222.892
VectorAdd_stream2,0.043808,8.26266,0.000942,9.37014,267.503
VectorAdd_stream2,0.043296,8.26177,0.000952,9.36369,270.666
VectorAdd_stream2,0.052352,8.26305,0.000961,9.37579,223.845
VectorAdd_stream2,0.042208,8.27504,0.00541,9.39685,277.643
VectorAdd_stream2,0.052672,8.27419,0.00511,9.52067,222.485
VectorAdd_stream2,0.05216,8.26705,0.001002,9.37763,224.669
VectorAdd_stream2,0.042912,8.26744,0.00518,9.3938,273.088
VectorAdd_stream2,0.052384,8.26227,0.000941,9.36838,223.709
VectorAdd_stream2,0.042112,8.27676,0.00531,9.40669,278.276
VectorAdd_stream2,0.043552,8.26283,0.000942,9.36573,269.075
VectorAdd_stream2,0.052608,8.26233,0.000982,9.3758,222.756
VectorAdd_stream2,0.042912,8.26474,0.00531,9.38983,273.088
VectorAdd_stream2,0.052928,8.26598,0.000932,9.37505,221.409
VectorAdd_stream2,0.054464,8.26646,0.004959,9.4081,215.165
VectorAdd_stream2,0.052192,8.26556,0.001032,9.38058,224.532
VectorAdd_stream2,0.052576,8.26766,0.001113,9.37886,222.892
VectorAdd_stream2,0.052352,8.26788,0.000952,9.37865,223.845
VectorAdd_stream2,0.052096,8.27083,0.001142,9.38411,224.945
VectorAdd_stream2,0.051776,8.25667,0.001152,9.37082,226.336
VectorAdd_stream2,0.042624,8.54362,0.00553,9.67184,274.933
VectorAdd_stream2,0.042496,8.27351,0.00567,9.39809,275.761
VectorAdd_stream2,0.042368,8.27789,0.005089,9.49551,276.594
VectorAdd_stream2,0.052928,8.26156,0.001152,9.37223,221.409
VectorAdd_stream3,0.043072,8.21387,0.003206,9.3259,272.074
VectorAdd_stream3,0.052416,8.22641,0.001323,9.33634,223.572
VectorAdd_stream3,0.052448,8.24761,0.001373,9.35655,223.436
VectorAdd_stream3,0.052864,8.2339,0.001032,9.34736,221.677
VectorAdd_stream3,0.052448,8.23193,0.005841,9.35119,223.436
VectorAdd_stream3,0.054144,8.24013,0.004468,9.36105,216.437
VectorAdd_stream3,0.042304,8.2978,0.006012,9.42583,277.013
VectorAdd_stream3,0.04288,8.24725,0.00529,9.37071,273.292
VectorAdd_stream3,0.052768,8.22666,0.001203,9.34345,222.081
VectorAdd_stream3,0.05184,8.23825,0.001182,9.34741,226.056
VectorAdd_stream3,0.054656,8.26919,0.005551,9.47055,214.409
VectorAdd_stream3,0.05312,8.24489,0.001032,9.35714,220.609
VectorAdd_stream3,0.05312,8.24354,0.001072,9.34922,220.609
VectorAdd_stream3,0.042688,8.25292,0.0052,9.38319,274.521
VectorAdd_stream3,0.053088,8.24457,0.000972,9.36119,220.742
VectorAdd_stream3,0.053056,8.24669,0.005401,9.47058,220.875
VectorAdd_stream3,0.052096,8.25097,0.001313,9.36159,224.945
VectorAdd_stream3,0.052992,8.2552,0.000982,9.37409,221.142
VectorAdd_stream3,0.052896,8.25354,0.001002,9.37013,221.543
VectorAdd_stream3,0.043424,8.24757,0.001172,9.34679,269.868
VectorAdd_stream3,0.052224,8.26089,0.001112,9.37389,224.394
VectorAdd_stream3,0.052352,8.26032,0.001373,9.37166,223.845
VectorAdd_stream3,0.053024,8.25642,0.001433,9.36845,221.008
VectorAdd_stream3,0.043296,8.26473,0.000961,9.36122,270.666
VectorAdd_stream3,0.055648,8.26627,0.00527,9.40225,210.587
VectorAdd_stream3,0.04208,8.28294,0.00549,9.39904,278.487
VectorAdd_stream3,0.05232,8.39274,0.00518,9.52418,223.982
VectorAdd_stream3,0.055424,8.26041,0.005531,9.39745,211.438
VectorAdd_stream3,0.052576,8.24939,0.000912,9.36088,222.892
VectorAdd_stream3,0.052864,8.25909,0.000952,9.37643,221.677
VectorAdd_stream3,0.043776,8.24673,0.001192,9.34591,267.698
VectorAdd_stream3,0.053856,8.2632,0.00523,9.53995,217.594
VectorAdd_stream3,0.043616,8.26781,0.001123,9.36872,268.68
VectorAdd_stream3,0.042688,8.25881,0.000952,9.35841,274.521
VectorAdd_stream3,0.043104,8.25381,0.000942,9.35032,271.872
VectorAdd_stream3,0.054272,8.27212,0.00535,9.40167,215.926
VectorAdd_stream3,0.052608,8.25531,0.000942,9.36931,222.756
VectorAdd_stream3,0.0432,8.26186,0.00535,9.37978,271.267
VectorAdd_stream3,0.0528,8.25251,0.001343,9.36373,221.946
VectorAdd_stream3,0.044448,8.25684,0.000962,9.35353,263.651
VectorAdd_stream3,0.043392,8.25684,0.001283,9.36348,270.067
VectorAdd_stream3,0.04144,8.27605,0.007303,9.39174,282.788
VectorAdd_stream3,0.052448,8.26491,0.00508,9.40048,223.436
VectorAdd_stream3,0.052928,8.26293,0.000962,9.37786,221.409
VectorAdd_stream3,0.052224,8.33625,0.006352,9.47953,224.394
VectorAdd_stream3,0.043616,8.27206,0.001132,9.37716,268.68
VectorAdd_stream3,0.052096,8.26346,0.000961,9.37401,224.945
VectorAdd_stream3,0.052384,8.24908,0.00537,9.38901,223.709
VectorAdd_stream3,0.052512,8.25853,0.001002,9.37296,223.163
VectorAdd_stream3,0.052256,8.25411,0.000982,9.36938,224.257
VectorAdd_stream3,0.043456,8.25801,0.000962,9.35936,269.669
VectorAdd_stream3,0.043392,8.26565,0.00516,9.388,270.067
VectorAdd_stream3,0.042528,8.27553,0.00515,9.39515,275.554
VectorAdd_stream3,0.042528,8.25593,0.00507,9.37346,275.554
VectorAdd_stream3,0.044032,8.26063,0.000972,9.36625,266.142
VectorAdd_stream3,0.052512,8.25582,0.000921,9.36457,223.163
VectorAdd_stream3,0.052416,8.26359,0.001143,9.3733,223.572
VectorAdd_stream3,0.052608,8.25571,0.000991,9.37243,222.756
VectorAdd_stream3,0.043616,8.25052,0.005791,9.37774,268.68
VectorAdd_stream3,0.055104,8.2773,0.006092,9.41903,212.666
VectorAdd_stream3,0.05232,8.28424,0.001412,9.39486,223.982
VectorAdd_stream3,0.053088,8.26204,0.001252,9.37418,220.742
VectorAdd_stream3,0.043488,8.26137,0.000922,9.36082,269.471
VectorAdd_stream3,0.052768,8.26191,0.024036,9.52976,222.081
VectorAdd_stream3,0.053056,8.25681,0.001673,9.36853,220.875
VectorAdd_stream3,0.053056,8.27369,0.001102,9.38932,220.875
VectorAdd_stream3,0.042784,8.26103,0.000952,9.36749,273.905
VectorAdd_stream3,0.042752,8.29777,0.003026,9.40434,274.11
VectorAdd_stream3,0.043648,8.26716,0.001173,9.37171,268.483
VectorAdd_stream3,0.05456,8.26489,0.0051,9.39821,214.786
VectorAdd_stream3,0.043488,8.2608,0.001052,9.36101,269.471
VectorAdd_stream3,0.05248,8.25874,0.000972,9.36623,223.299
VectorAdd_stream3,0.052704,8.26247,0.001212,9.37525,222.35
VectorAdd_stream3,0.04368,8.63102,0.006091,9.76174,268.286
VectorAdd_stream3,0.04224,8.27577,0.004909,9.39532,277.433
VectorAdd_stream3,0.05312,8.26257,0.000992,9.37353,220.609
VectorAdd_stream3,0.04304,8.2673,0.001112,9.36651,272.276
VectorAdd_stream3,0.053088,8.25786,0.000942,9.36708,220.742
VectorAdd_stream3,0.052416,8.26043,0.000952,9.36685,223.572
VectorAdd_stream3,0.05312,8.2658,0.005049,9.50936,220.609
VectorAdd_stream3,0.054144,8.26774,0.005159,9.39961,216.437
VectorAdd_stream3,0.05312,8.26635,0.001223,9.38014,220.609
VectorAdd_stream3,0.053824,8.27396,0.00543,9.40504,217.724
VectorAdd_stream3,0.053536,8.2673,0.001272,9.37584,218.895
VectorAdd_stream3,0.052352,8.26856,0.000961,9.37958,223.845
VectorAdd_stream3,0.052832,8.26916,0.001503,9.38562,221.812
VectorAdd_stream3,0.043808,8.26457,0.000962,9.36373,267.503
VectorAdd_stream3,0.052992,8.26153,0.000922,9.37923,221.142
VectorAdd_stream3,0.042528,8.28024,0.00523,9.40702,275.554
VectorAdd_stream3,0.052608,8.26185,0.001223,9.37535,222.756
VectorAdd_stream3,0.042208,8.26708,0.00543,9.47065,277.643
VectorAdd_stream3,0.044416,8.27132,0.000981,9.37514,263.841
VectorAdd_stream3,0.053024,8.26568,0.001032,9.38334,221.008
VectorAdd_stream3,0.052896,8.26668,0.000981,9.38573,221.543
VectorAdd_stream3,0.052192,8.25557,0.000932,9.36894,224.532
VectorAdd_stream3,0.052896,8.27296,0.005561,9.54164,221.543
VectorAdd_stream3,0.043488,8.27214,0.005451,9.39594,269.471
VectorAdd_stream3,0.05264,8.27147,0.0054,9.46523,222.621
VectorAdd_stream3,0.054144,8.262,0.00517,9.38894,216.437
VectorAdd_stream3,0.043616,8.26248,0.000942,9.36404,268.68
